{
    "0": {
        "precision": 0.8896103896103896,
        "recall": 0.8269617706237424,
        "f1-score": 0.8571428571428571,
        "support": 497.0
    },
    "1": {
        "precision": 0.9279038718291055,
        "recall": 0.9061277705345502,
        "f1-score": 0.91688654353562,
        "support": 767.0
    },
    "2": {
        "precision": 0.9313543599257885,
        "recall": 0.9580152671755725,
        "f1-score": 0.9444967074317968,
        "support": 524.0
    },
    "3": {
        "precision": 0.9076923076923077,
        "recall": 0.885,
        "f1-score": 0.8962025316455696,
        "support": 400.0
    },
    "4": {
        "precision": 0.92573402417962,
        "recall": 0.9069373942470389,
        "f1-score": 0.9162393162393162,
        "support": 591.0
    },
    "micro avg": {
        "precision": 0.9187201176903274,
        "recall": 0.8988844908240374,
        "f1-score": 0.9086940705711167,
        "support": 2779.0
    },
    "macro avg": {
        "precision": 0.9164589906474422,
        "recall": 0.8966084405161807,
        "f1-score": 0.906193591199032,
        "support": 2779.0
    },
    "weighted avg": {
        "precision": 0.9183353901754153,
        "recall": 0.8988844908240374,
        "f1-score": 0.9082931637789659,
        "support": 2779.0
    },
    "samples avg": {
        "precision": 0.9266363636363636,
        "recall": 0.9126515151515152,
        "f1-score": 0.8968888888888888,
        "support": 2779.0
    }
}