{
    "AMBIENCE,None": {
        "precision": 0.9642529789184234,
        "recall": 0.9309734513274336,
        "f1-score": 0.9473210265646106,
        "support": 2260.0
    },
    "AMBIENCE,negative": {
        "precision": 0.8023598820058997,
        "recall": 0.7861271676300579,
        "f1-score": 0.7941605839416058,
        "support": 346.0
    },
    "AMBIENCE,neutral": {
        "precision": 0.3076923076923077,
        "recall": 0.35294117647058826,
        "f1-score": 0.3287671232876712,
        "support": 34.0
    },
    "AMBIENCE,positive": {
        "precision": 0.7731239092495636,
        "recall": 0.8985801217038539,
        "f1-score": 0.8311444652908068,
        "support": 493.0
    },
    "LOCATION,None": {
        "precision": 0.9849119865884325,
        "recall": 0.964696223316913,
        "f1-score": 0.9746992948983824,
        "support": 2436.0
    },
    "LOCATION,negative": {
        "precision": 0.671875,
        "recall": 0.86,
        "f1-score": 0.7543859649122807,
        "support": 50.0
    },
    "LOCATION,neutral": {
        "precision": 0.6030534351145038,
        "recall": 0.6475409836065574,
        "f1-score": 0.6245059288537549,
        "support": 122.0
    },
    "LOCATION,positive": {
        "precision": 0.8931159420289855,
        "recall": 0.939047619047619,
        "f1-score": 0.9155060352831941,
        "support": 525.0
    },
    "PRICES,None": {
        "precision": 0.9866730128510233,
        "recall": 0.9769085768143261,
        "f1-score": 0.9817665166942932,
        "support": 2122.0
    },
    "PRICES,negative": {
        "precision": 0.723404255319149,
        "recall": 0.7786259541984732,
        "f1-score": 0.75,
        "support": 131.0
    },
    "PRICES,neutral": {
        "precision": 0.7859424920127795,
        "recall": 0.780952380952381,
        "f1-score": 0.7834394904458599,
        "support": 315.0
    },
    "PRICES,positive": {
        "precision": 0.8529411764705882,
        "recall": 0.8725663716814159,
        "f1-score": 0.8626421697287839,
        "support": 565.0
    },
    "QUALITY,None": {
        "precision": 0.8910984848484849,
        "recall": 0.8218340611353712,
        "f1-score": 0.8550658791458428,
        "support": 1145.0
    },
    "QUALITY,negative": {
        "precision": 0.616822429906542,
        "recall": 0.7252747252747253,
        "f1-score": 0.6666666666666666,
        "support": 273.0
    },
    "QUALITY,neutral": {
        "precision": 0.4855072463768116,
        "recall": 0.6090909090909091,
        "f1-score": 0.5403225806451613,
        "support": 110.0
    },
    "QUALITY,positive": {
        "precision": 0.904202719406675,
        "recall": 0.9115264797507788,
        "f1-score": 0.9078498293515358,
        "support": 1605.0
    },
    "SERVICE,None": {
        "precision": 0.9767733835530445,
        "recall": 0.970074812967581,
        "f1-score": 0.9734125742883953,
        "support": 1604.0
    },
    "SERVICE,negative": {
        "precision": 0.8120805369127517,
        "recall": 0.7378048780487805,
        "f1-score": 0.7731629392971247,
        "support": 164.0
    },
    "SERVICE,neutral": {
        "precision": 0.5238095238095238,
        "recall": 0.5789473684210527,
        "f1-score": 0.55,
        "support": 76.0
    },
    "SERVICE,positive": {
        "precision": 0.9571537872991583,
        "recall": 0.9705197827773467,
        "f1-score": 0.9637904468412943,
        "support": 1289.0
    },
    "accuracy": 0.9161187360357484,
    "macro avg": {
        "precision": 0.7758397245182326,
        "recall": 0.8057016522108084,
        "f1-score": 0.7889304758068633,
        "support": 15665.0
    },
    "weighted avg": {
        "precision": 0.9197935063397719,
        "recall": 0.9161187360357484,
        "f1-score": 0.9174064883956775,
        "support": 15665.0
    },
    "static_polor_test": {
        "AMBIENCE,None": 2260,
        "AMBIENCE,negative": 346,
        "AMBIENCE,neutral": 34,
        "AMBIENCE,positive": 493,
        "LOCATION,None": 2436,
        "LOCATION,negative": 50,
        "LOCATION,neutral": 122,
        "LOCATION,positive": 525,
        "PRICES,None": 2122,
        "PRICES,negative": 131,
        "PRICES,neutral": 315,
        "PRICES,positive": 565,
        "QUALITY,None": 1145,
        "QUALITY,negative": 273,
        "QUALITY,neutral": 110,
        "QUALITY,positive": 1605,
        "SERVICE,None": 1604,
        "SERVICE,negative": 164,
        "SERVICE,neutral": 76,
        "SERVICE,positive": 1289
    },
    "static_polar_pred": {
        "AMBIENCE,None": 2182,
        "AMBIENCE,negative": 339,
        "AMBIENCE,neutral": 39,
        "AMBIENCE,positive": 573,
        "LOCATION,None": 2386,
        "LOCATION,negative": 64,
        "LOCATION,neutral": 131,
        "LOCATION,positive": 552,
        "PRICES,None": 2101,
        "PRICES,negative": 141,
        "PRICES,neutral": 313,
        "PRICES,positive": 578,
        "QUALITY,None": 1056,
        "QUALITY,negative": 321,
        "QUALITY,neutral": 138,
        "QUALITY,positive": 1618,
        "SERVICE,None": 1593,
        "SERVICE,negative": 149,
        "SERVICE,neutral": 84,
        "SERVICE,positive": 1307
    }
}