{"0": {"precision": 0.9931972789115646, "recall": 0.9898305084745763, "f1-score": 0.9915110356536503, "support": 1475.0}, "1": {"precision": 0.9951534733441034, "recall": 0.998610467809171, "f1-score": 0.9968789735290717, "support": 4318.0}, "2": {"precision": 0.9967479674796748, "recall": 0.9959382615759546, "f1-score": 0.9963429500203169, "support": 2462.0}, "3": {"precision": 0.9980769230769231, "recall": 0.9923518164435946, "f1-score": 0.9952061361457335, "support": 1569.0}, "4": {"precision": 0.9988897113249445, "recall": 0.9970446989287034, "f1-score": 0.9979663523756702, "support": 2707.0}, "micro avg": {"precision": 0.9964071856287425, "recall": 0.9959300933684463, "f1-score": 0.9961685823754789, "support": 12531.0}, "macro avg": {"precision": 0.9964130708274421, "recall": 0.9947551506464001, "f1-score": 0.9955810895448884, "support": 12531.0}, "weighted avg": {"precision": 0.9964096497560987, "recall": 0.9959300933684463, "f1-score": 0.9961672549462358, "support": 12531.0}, "samples avg": {"precision": 0.9971943711521547, "recall": 0.9967751392553504, "f1-score": 0.9962997864053272, "support": 12531.0}}