{"0": {"precision": 0.7549295774647887, "recall": 0.575107296137339, "f1-score": 0.6528623629719854, "support": 2330.0}, "1": {"precision": 0.8615220375171573, "recall": 0.9039846375420068, "f1-score": 0.882242698734968, "support": 6249.0}, "2": {"precision": 0.9155487804878049, "recall": 0.8778135048231511, "f1-score": 0.8962841366960155, "support": 3421.0}, "3": {"precision": 0.829711975745326, "recall": 0.7323818019625334, "f1-score": 0.7780146884624497, "support": 2242.0}, "4": {"precision": 0.9067610446668294, "recall": 0.888755980861244, "f1-score": 0.8976682372840401, "support": 4180.0}, "micro avg": {"precision": 0.8677634554500226, "recall": 0.8331885788730865, "f1-score": 0.8501246192190529, "support": 18422.0}, "macro avg": {"precision": 0.8536946831763812, "recall": 0.7956086442652548, "f1-score": 0.8214144248298917, "support": 18422.0}, "weighted avg": {"precision": 0.8644666660685498, "recall": 0.8331885788730865, "f1-score": 0.8466536817466458, "support": 18422.0}, "samples avg": {"precision": 0.8853698475437606, "recall": 0.8590476190476191, "f1-score": 0.8413593790612424, "support": 18422.0}}