{"0": {"precision": 0.9904567143830948, "recall": 0.9850847457627119, "f1-score": 0.9877634262406526, "support": 1475.0}, "1": {"precision": 0.9958333333333333, "recall": 0.9962945808244558, "f1-score": 0.9960639036814077, "support": 4318.0}, "2": {"precision": 0.9975540154912352, "recall": 0.9939073923639318, "f1-score": 0.9957273652085453, "support": 2462.0}, "3": {"precision": 0.9929351316634554, "recall": 0.9853409815168898, "f1-score": 0.9891234804862444, "support": 1569.0}, "4": {"precision": 0.997046880767811, "recall": 0.9977835241965275, "f1-score": 0.9974150664697193, "support": 2707.0}, "micro avg": {"precision": 0.99544218774988, "recall": 0.993456228553188, "f1-score": 0.9944482166393738, "support": 12531.0}, "macro avg": {"precision": 0.9947652151277859, "recall": 0.9916822449329032, "f1-score": 0.9932186484173139, "support": 12531.0}, "weighted avg": {"precision": 0.9954378023307195, "recall": 0.993456228553188, "f1-score": 0.9944436269061661, "support": 12531.0}, "samples avg": {"precision": 0.9964849017883318, "recall": 0.9947874523600115, "f1-score": 0.9946216023788582, "support": 12531.0}}