{"0": {"precision": 0.932649420160571, "recall": 0.8974248927038626, "f1-score": 0.9146981627296588, "support": 2330.0}, "1": {"precision": 0.955672068636797, "recall": 0.9625540086413826, "f1-score": 0.959100693613968, "support": 6249.0}, "2": {"precision": 0.9732090856144437, "recall": 0.9769073370359544, "f1-score": 0.975054704595186, "support": 3421.0}, "3": {"precision": 0.9609090909090909, "recall": 0.9429081177520071, "f1-score": 0.9518235029266097, "support": 2242.0}, "4": {"precision": 0.9800480769230769, "recall": 0.9753588516746412, "f1-score": 0.9776978417266187, "support": 4180.0}, "micro avg": {"precision": 0.9623022367703219, "recall": 0.9574964716100315, "f1-score": 0.9598933391380061, "support": 18422.0}, "macro avg": {"precision": 0.9604975484487959, "recall": 0.9510306415615697, "f1-score": 0.9556749811184083, "support": 18422.0}, "weighted avg": {"precision": 0.96218517702362, "recall": 0.9574964716100315, "f1-score": 0.9597814770357532, "support": 18422.0}, "samples avg": {"precision": 0.9703858460380199, "recall": 0.9651364577451533, "f1-score": 0.9582538786265495, "support": 18422.0}}