{"0": {"precision": 0.9539007092198581, "recall": 0.911864406779661, "f1-score": 0.9324090121317158, "support": 1475.0}, "1": {"precision": 0.9563727729556876, "recall": 0.9696618805002316, "f1-score": 0.9629714811407544, "support": 4318.0}, "2": {"precision": 0.9572368421052632, "recall": 0.9455727051177905, "f1-score": 0.9513690232938292, "support": 2462.0}, "3": {"precision": 0.926744989633725, "recall": 0.8546845124282982, "f1-score": 0.8892572944297082, "support": 1569.0}, "4": {"precision": 0.9570994684889901, "recall": 0.9312892500923532, "f1-score": 0.944017974162142, "support": 2707.0}, "micro avg": {"precision": 0.952930656044224, "recall": 0.9354401085308435, "f1-score": 0.944104381443299, "support": 12531.0}, "macro avg": {"precision": 0.9502709564807048, "recall": 0.922614550983667, "f1-score": 0.9360049570316299, "support": 12531.0}, "weighted avg": {"precision": 0.9526988616167997, "recall": 0.9354401085308435, "f1-score": 0.9437703323618704, "support": 12531.0}, "samples avg": {"precision": 0.9612107886250367, "recall": 0.9457402521254763, "f1-score": 0.9433855453644371, "support": 12531.0}}