{"0": {"precision": 0.9176300578034682, "recall": 0.8610169491525423, "f1-score": 0.888422525358517, "support": 1475.0}, "1": {"precision": 0.9362233318202451, "recall": 0.9553033811949977, "f1-score": 0.9456671251719395, "support": 4318.0}, "2": {"precision": 0.9502875924404273, "recall": 0.9394800974817222, "f1-score": 0.9448529411764706, "support": 2462.0}, "3": {"precision": 0.9013484740951029, "recall": 0.8094327597195666, "f1-score": 0.8529214237743452, "support": 1569.0}, "4": {"precision": 0.9428895612708018, "recall": 0.920945696342815, "f1-score": 0.9317884507568679, "support": 2707.0}, "micro avg": {"precision": 0.9343487822758003, "recall": 0.9154097837363339, "f1-score": 0.9247823282811997, "support": 12531.0}, "macro avg": {"precision": 0.9296758034860091, "recall": 0.8972357767783288, "f1-score": 0.912730493247628, "support": 12531.0}, "weighted avg": {"precision": 0.9338714015532313, "recall": 0.9154097837363339, "f1-score": 0.9241582365871444, "support": 12531.0}, "samples avg": {"precision": 0.9451832307241278, "recall": 0.9285634711228379, "f1-score": 0.9231743239658807, "support": 12531.0}}