{"0": {"precision": 0.9419263456090652, "recall": 0.9016949152542373, "f1-score": 0.9213716660893662, "support": 1475.0}, "1": {"precision": 0.9542036910457963, "recall": 0.9698934691987031, "f1-score": 0.9619846100838406, "support": 4318.0}, "2": {"precision": 0.9576306046894282, "recall": 0.9455727051177905, "f1-score": 0.9515634580012262, "support": 2462.0}, "3": {"precision": 0.9202239328201539, "recall": 0.8381134480560867, "f1-score": 0.8772515010006671, "support": 1569.0}, "4": {"precision": 0.9567877629063097, "recall": 0.9242704100480237, "f1-score": 0.9402480270574972, "support": 2707.0}, "micro avg": {"precision": 0.9500651678071033, "recall": 0.9307317851727716, "f1-score": 0.9402991091224251, "support": 12531.0}, "macro avg": {"precision": 0.9461544674141507, "recall": 0.9159089895349682, "f1-score": 0.9304838524465195, "support": 12531.0}, "weighted avg": {"precision": 0.9497354777142042, "recall": 0.9307317851727716, "f1-score": 0.9398516480518355, "support": 12531.0}, "samples avg": {"precision": 0.9586836704778657, "recall": 0.9427939020815009, "f1-score": 0.9398109756948807, "support": 12531.0}}