{"0": {"precision": 0.9969736273238219, "recall": 0.9896995708154507, "f1-score": 0.9933232823605428, "support": 2330.0}, "1": {"precision": 0.9960006398976163, "recall": 0.9963194111057769, "f1-score": 0.99616, "support": 6249.0}, "2": {"precision": 0.9956191588785047, "recall": 0.9964922537269805, "f1-score": 0.9960555149744339, "support": 3421.0}, "3": {"precision": 0.9946067415730337, "recall": 0.9870651204281892, "f1-score": 0.9908215804790688, "support": 2242.0}, "4": {"precision": 0.9980819947254855, "recall": 0.995933014354067, "f1-score": 0.9970063465453239, "support": 4180.0}, "micro avg": {"precision": 0.9963555265448216, "recall": 0.994300293127782, "f1-score": 0.9953268488833342, "support": 18422.0}, "macro avg": {"precision": 0.9962564324796924, "recall": 0.9931018740860929, "f1-score": 0.9946733448718739, "support": 18422.0}, "weighted avg": {"precision": 0.9963554850432823, "recall": 0.994300293127782, "f1-score": 0.995324151374505, "support": 18422.0}, "samples avg": {"precision": 0.9969715791454923, "recall": 0.9956766421983814, "f1-score": 0.9952499260573794, "support": 18422.0}}