{"0": {"precision": 0.9911504424778761, "recall": 0.9871186440677966, "f1-score": 0.9891304347826086, "support": 1475.0}, "1": {"precision": 0.9935349803740475, "recall": 0.9965261695229273, "f1-score": 0.9950283269742167, "support": 4318.0}, "2": {"precision": 0.9975560081466395, "recall": 0.9947197400487409, "f1-score": 0.9961358551962579, "support": 2462.0}, "3": {"precision": 0.9980670103092784, "recall": 0.9872530274059911, "f1-score": 0.9926305671259211, "support": 1569.0}, "4": {"precision": 0.9981481481481481, "recall": 0.995567048393055, "f1-score": 0.9968559275013871, "support": 2707.0}, "micro avg": {"precision": 0.9956024626209323, "recall": 0.9936956348256324, "f1-score": 0.9946481348350508, "support": 12531.0}, "macro avg": {"precision": 0.995691317891198, "recall": 0.9922369258877023, "f1-score": 0.9939562223160783, "support": 12531.0}, "weighted avg": {"precision": 0.9956083326294253, "recall": 0.9936956348256324, "f1-score": 0.9946462802840178, "support": 12531.0}, "samples avg": {"precision": 0.996361770741718, "recall": 0.9948138375842861, "f1-score": 0.9945163406904831, "support": 12531.0}}