{"0": {"precision": 0.993103448275862, "recall": 0.9888412017167382, "f1-score": 0.9909677419354839, "support": 2330.0}, "1": {"precision": 0.9934462915601023, "recall": 0.9945591294607137, "f1-score": 0.9940023990403839, "support": 6249.0}, "2": {"precision": 0.9938668224299065, "recall": 0.9947383805904706, "f1-score": 0.9943024105186268, "support": 3421.0}, "3": {"precision": 0.9945994599459946, "recall": 0.9857270294380018, "f1-score": 0.9901433691756273, "support": 2242.0}, "4": {"precision": 0.9968869731800766, "recall": 0.995933014354067, "f1-score": 0.9964097654380086, "support": 4180.0}, "micro avg": {"precision": 0.9944015653875421, "recall": 0.9931060688307458, "f1-score": 0.9937533948940793, "support": 18422.0}, "macro avg": {"precision": 0.9943805990783885, "recall": 0.9919597511119983, "f1-score": 0.993165137221626, "support": 18422.0}, "weighted avg": {"precision": 0.9944020653059488, "recall": 0.9931060688307458, "f1-score": 0.9937508755791928, "support": 18422.0}, "samples avg": {"precision": 0.9953378505552419, "recall": 0.9947675512892904, "f1-score": 0.9934995025678255, "support": 18422.0}}