{"0": {"precision": 0.99, "recall": 0.9772532188841202, "f1-score": 0.983585313174946, "support": 2330.0}, "1": {"precision": 0.991207034372502, "recall": 0.9921587453992639, "f1-score": 0.9916826615483045, "support": 6249.0}, "2": {"precision": 0.9915229465068693, "recall": 0.9915229465068693, "f1-score": 0.9915229465068693, "support": 3421.0}, "3": {"precision": 0.9874270318814549, "recall": 0.9808206958073149, "f1-score": 0.9841127769075856, "support": 2242.0}, "4": {"precision": 0.9935422147811528, "recall": 0.9937799043062201, "f1-score": 0.993661045329506, "support": 4180.0}, "micro avg": {"precision": 0.9911879895561357, "recall": 0.9891434154814895, "f1-score": 0.9901646470684128, "support": 18422.0}, "macro avg": {"precision": 0.9907398455083959, "recall": 0.9871071021807577, "f1-score": 0.9889129486934424, "support": 18422.0}, "weighted avg": {"precision": 0.991182858596092, "recall": 0.9891434154814895, "f1-score": 0.9901564839331843, "support": 18422.0}, "samples avg": {"precision": 0.9926877470355732, "recall": 0.9913626952757387, "f1-score": 0.9897690301417009, "support": 18422.0}}