{"0": {"precision": 0.9904371584699454, "recall": 0.9830508474576272, "f1-score": 0.9867301803334467, "support": 1475.0}, "1": {"precision": 0.9955957348168752, "recall": 0.9946734599351552, "f1-score": 0.9951343836886005, "support": 4318.0}, "2": {"precision": 0.9845402766476811, "recall": 0.9829406986190089, "f1-score": 0.983739837398374, "support": 2462.0}, "3": {"precision": 0.9773609314359638, "recall": 0.9630337794773741, "f1-score": 0.9701444622792937, "support": 1569.0}, "4": {"precision": 0.9896026735982176, "recall": 0.9844846693756927, "f1-score": 0.987037037037037, "support": 2707.0}, "micro avg": {"precision": 0.9892585170340681, "recall": 0.9848376027451919, "f1-score": 0.9870431096536831, "support": 12531.0}, "macro avg": {"precision": 0.9875073549937368, "recall": 0.9816366909729716, "f1-score": 0.9845571801473504, "support": 12531.0}, "weighted avg": {"precision": 0.9892386155647938, "recall": 0.9848376027451919, "f1-score": 0.9870282248032463, "support": 12531.0}, "samples avg": {"precision": 0.990973321606567, "recall": 0.9880035180299032, "f1-score": 0.9870066032862866, "support": 12531.0}}