{"0": {"precision": 0.7471980074719801, "recall": 0.4067796610169492, "f1-score": 0.5267778753292361, "support": 1475.0}, "1": {"precision": 0.8376650165016502, "recall": 0.9404817044928208, "f1-score": 0.8861008073314423, "support": 4318.0}, "2": {"precision": 0.7429928741092636, "recall": 0.6352558895207149, "f1-score": 0.6849135099627764, "support": 2462.0}, "3": {"precision": 0.6969253294289898, "recall": 0.3033779477374124, "f1-score": 0.4227353463587922, "support": 1569.0}, "4": {"precision": 0.7436731742588576, "recall": 0.7598817879571481, "f1-score": 0.7516901151105426, "support": 2707.0}, "micro avg": {"precision": 0.7816153502900491, "recall": 0.6989067113558375, "f1-score": 0.7379507920458376, "support": 12531.0}, "macro avg": {"precision": 0.7536908803541482, "recall": 0.6091553981450091, "f1-score": 0.6544435308185579, "support": 12531.0}, "weighted avg": {"precision": 0.7704893610186828, "recall": 0.6989067113558375, "f1-score": 0.7172240534464392, "support": 12531.0}, "samples avg": {"precision": 0.8003107593081208, "recall": 0.7327000879507475, "f1-score": 0.7256992084432718, "support": 12531.0}}