{"0": {"precision": 0.8603268945022289, "recall": 0.7850847457627118, "f1-score": 0.8209854661467565, "support": 1475.0}, "1": {"precision": 0.9047406082289803, "recall": 0.937007874015748, "f1-score": 0.9205915813424346, "support": 4318.0}, "2": {"precision": 0.9355119825708061, "recall": 0.872055239642567, "f1-score": 0.9026697498423376, "support": 2462.0}, "3": {"precision": 0.8287671232876712, "recall": 0.6169534735500318, "f1-score": 0.7073438070880527, "support": 1569.0}, "4": {"precision": 0.896969696969697, "recall": 0.874769117103805, "f1-score": 0.8857303160650832, "support": 2707.0}, "micro avg": {"precision": 0.8964851941951179, "recall": 0.8528449445375469, "f1-score": 0.8741207263209554, "support": 12531.0}, "macro avg": {"precision": 0.8852632611118768, "recall": 0.8171740900149727, "f1-score": 0.847464184096933, "support": 12531.0}, "weighted avg": {"precision": 0.8943671856155275, "recall": 0.8528449445375469, "f1-score": 0.871114462838103, "support": 12531.0}, "samples avg": {"precision": 0.9125359132219291, "recall": 0.873963647024333, "f1-score": 0.871278357135877, "support": 12531.0}}