{"0": {"precision": 0.9558951965065502, "recall": 0.9394849785407725, "f1-score": 0.9476190476190476, "support": 2330.0}, "1": {"precision": 0.9701373363142766, "recall": 0.9721555448871819, "f1-score": 0.9711453920549916, "support": 6249.0}, "2": {"precision": 0.9821897810218978, "recall": 0.983338205203157, "f1-score": 0.9827636576102834, "support": 3421.0}, "3": {"precision": 0.9765342960288809, "recall": 0.9652096342551294, "f1-score": 0.9708389412292507, "support": 2242.0}, "4": {"precision": 0.9872932150563414, "recall": 0.9851674641148326, "f1-score": 0.98622919410849, "support": 4180.0}, "micro avg": {"precision": 0.9752777172729253, "recall": 0.9722071436326132, "f1-score": 0.9737400097863318, "support": 18422.0}, "macro avg": {"precision": 0.9744099649855894, "recall": 0.9690711654002147, "f1-score": 0.9717192465244127, "support": 18422.0}, "weighted avg": {"precision": 0.9752454019105604, "recall": 0.9722071436326132, "f1-score": 0.9737125907175264, "support": 18422.0}, "samples avg": {"precision": 0.9803896103896105, "recall": 0.9779183135704875, "f1-score": 0.9728536473878089, "support": 18422.0}}