{"0": {"precision": 0.9641602248770204, "recall": 0.9301694915254237, "f1-score": 0.9468599033816425, "support": 1475.0}, "1": {"precision": 0.9695652173913043, "recall": 0.9812413154238073, "f1-score": 0.9753683241252302, "support": 4318.0}, "2": {"precision": 0.961916461916462, "recall": 0.954102355808286, "f1-score": 0.9579934747145188, "support": 2462.0}, "3": {"precision": 0.9272727272727272, "recall": 0.8776290630975143, "f1-score": 0.9017681728880157, "support": 1569.0}, "4": {"precision": 0.9601653513716648, "recall": 0.9438492796453639, "f1-score": 0.9519374068554396, "support": 2707.0}, "micro avg": {"precision": 0.9603424602213069, "recall": 0.9488468597877264, "f1-score": 0.9545600513808606, "support": 12531.0}, "macro avg": {"precision": 0.9566159965658357, "recall": 0.937398301100079, "f1-score": 0.9467854563929693, "support": 12531.0}, "weighted avg": {"precision": 0.9601002142591647, "recall": 0.9488468597877264, "f1-score": 0.9543218848796411, "support": 12531.0}, "samples avg": {"precision": 0.9677807094693638, "recall": 0.9570595133391967, "f1-score": 0.9535938350714076, "support": 12531.0}}