{"0": {"precision": 0.8799110452186805, "recall": 0.8047457627118644, "f1-score": 0.8406515580736544, "support": 1475.0}, "1": {"precision": 0.9069142985007832, "recall": 0.9386289949050486, "f1-score": 0.9224991464663708, "support": 4318.0}, "2": {"precision": 0.943089430894309, "recall": 0.8952071486596264, "f1-score": 0.9185246926443009, "support": 2462.0}, "3": {"precision": 0.8599033816425121, "recall": 0.6806883365200764, "f1-score": 0.759871931696905, "support": 1569.0}, "4": {"precision": 0.9150726855394032, "recall": 0.8836350203176949, "f1-score": 0.8990791204660779, "support": 2707.0}, "micro avg": {"precision": 0.9078344850553659, "recall": 0.870161998244354, "f1-score": 0.8885991361747209, "support": 12531.0}, "macro avg": {"precision": 0.9009781683591376, "recall": 0.8405810526228622, "f1-score": 0.8681252898694618, "support": 12531.0}, "weighted avg": {"precision": 0.9067194219964879, "recall": 0.870161998244354, "f1-score": 0.8866623889414106, "support": 12531.0}, "samples avg": {"precision": 0.9205394312518322, "recall": 0.8895719730284374, "f1-score": 0.8857033965741089, "support": 12531.0}}