{"0": {"precision": 0.985733695652174, "recall": 0.9837288135593221, "f1-score": 0.9847302341364099, "support": 1475.0}, "1": {"precision": 0.993984266543267, "recall": 0.9949050486336267, "f1-score": 0.9944444444444445, "support": 4318.0}, "2": {"precision": 0.9804560260586319, "recall": 0.9780666125101544, "f1-score": 0.9792598617324115, "support": 2462.0}, "3": {"precision": 0.9675955930006481, "recall": 0.9515615041427661, "f1-score": 0.9595115681233933, "support": 1569.0}, "4": {"precision": 0.9814402375649591, "recall": 0.976727004063539, "f1-score": 0.9790779485280504, "support": 2707.0}, "micro avg": {"precision": 0.9843837591094738, "recall": 0.9809273002952678, "f1-score": 0.9826524902070509, "support": 12531.0}, "macro avg": {"precision": 0.9818419637639361, "recall": 0.9769977965818816, "f1-score": 0.9794048113929419, "support": 12531.0}, "weighted avg": {"precision": 0.9843412503937033, "recall": 0.9809273002952678, "f1-score": 0.9826241834728711, "support": 12531.0}, "samples avg": {"precision": 0.98753151568455, "recall": 0.9845030782761652, "f1-score": 0.9827837109631304, "support": 12531.0}}