{"0": {"precision": 0.9903713892709766, "recall": 0.976271186440678, "f1-score": 0.9832707408671901, "support": 1475.0}, "1": {"precision": 0.9880404783808647, "recall": 0.9949050486336267, "f1-score": 0.9914608816062774, "support": 4318.0}, "2": {"precision": 0.9751729751729752, "recall": 0.9731925264012997, "f1-score": 0.9741817442569628, "support": 2462.0}, "3": {"precision": 0.9634941329856584, "recall": 0.9420012746972594, "f1-score": 0.9526264904930712, "support": 1569.0}, "4": {"precision": 0.980647562337179, "recall": 0.9734022903583303, "f1-score": 0.9770114942528736, "support": 2707.0}, "micro avg": {"precision": 0.9811698717948718, "recall": 0.9771766020269731, "f1-score": 0.9791691655671505, "support": 12531.0}, "macro avg": {"precision": 0.9795453076295308, "recall": 0.9719544653062387, "f1-score": 0.975710270295275, "support": 12531.0}, "weighted avg": {"precision": 0.9811162473545902, "recall": 0.9771766020269731, "f1-score": 0.9791181040971838, "support": 12531.0}, "samples avg": {"precision": 0.9850014658457931, "recall": 0.9819114629141014, "f1-score": 0.9796614594239924, "support": 12531.0}}