{"0": {"precision": 0.9114470842332614, "recall": 0.8583050847457627, "f1-score": 0.8840782122905028, "support": 1475.0}, "1": {"precision": 0.9382099045888233, "recall": 0.9564613246873552, "f1-score": 0.9472477064220184, "support": 4318.0}, "2": {"precision": 0.9491386382280558, "recall": 0.9398862713241267, "f1-score": 0.9444897959183673, "support": 2462.0}, "3": {"precision": 0.9033923303834809, "recall": 0.7807520713830465, "f1-score": 0.8376068376068376, "support": 1569.0}, "4": {"precision": 0.9388297872340425, "recall": 0.9128186183967492, "f1-score": 0.9256415058999813, "support": 2707.0}, "micro avg": {"precision": 0.9336170909388557, "recall": 0.9102226478333733, "f1-score": 0.9217714562792952, "support": 12531.0}, "macro avg": {"precision": 0.9282035489335329, "recall": 0.8896446741074081, "f1-score": 0.9078128116275416, "support": 12531.0}, "weighted avg": {"precision": 0.9329813219208608, "recall": 0.9102226478333733, "f1-score": 0.9208747523490676, "support": 12531.0}, "samples avg": {"precision": 0.9441131632952212, "recall": 0.9242362943418352, "f1-score": 0.9199885524423783, "support": 12531.0}}