{"0": {"precision": 0.711436170212766, "recall": 0.36271186440677966, "f1-score": 0.4804669959586888, "support": 1475.0}, "1": {"precision": 0.8366927190456602, "recall": 0.9421028253821213, "f1-score": 0.8862745098039215, "support": 4318.0}, "2": {"precision": 0.7074797522629823, "recall": 0.6031681559707555, "f1-score": 0.6511729883797412, "support": 2462.0}, "3": {"precision": 0.673469387755102, "recall": 0.25239005736137665, "f1-score": 0.3671766342141864, "support": 1569.0}, "4": {"precision": 0.7210639827462257, "recall": 0.7410417436276321, "f1-score": 0.7309163782109674, "support": 2707.0}, "micro avg": {"precision": 0.7660380763331228, "recall": 0.6775197510174766, "f1-score": 0.7190649614635386, "support": 12531.0}, "macro avg": {"precision": 0.7300284024045472, "recall": 0.580282929349733, "f1-score": 0.623201501313501, "support": 12531.0}, "weighted avg": {"precision": 0.7511464633833087, "recall": 0.6775197510174766, "f1-score": 0.6937595423080736, "support": 12531.0}, "samples avg": {"precision": 0.7884784520668425, "recall": 0.7113896218117854, "f1-score": 0.705797489913585, "support": 12531.0}}