{"0": {"precision": 0.9807692307692307, "recall": 0.9681355932203389, "f1-score": 0.9744114636642784, "support": 1475.0}, "1": {"precision": 0.9880129091747349, "recall": 0.9925891616489115, "f1-score": 0.9902957486136784, "support": 4318.0}, "2": {"precision": 0.970421393841167, "recall": 0.9727863525588952, "f1-score": 0.9716024340770791, "support": 2462.0}, "3": {"precision": 0.9571805006587615, "recall": 0.9260675589547482, "f1-score": 0.941367022999676, "support": 1569.0}, "4": {"precision": 0.9725824379399778, "recall": 0.9697081640192095, "f1-score": 0.9711431742508324, "support": 2707.0}, "micro avg": {"precision": 0.9766006891577851, "recall": 0.9725480807597159, "f1-score": 0.9745701719312275, "support": 12531.0}, "macro avg": {"precision": 0.9737932944767744, "recall": 0.9658573660804206, "f1-score": 0.9697639687211088, "support": 12531.0}, "weighted avg": {"precision": 0.9765101503371789, "recall": 0.9725480807597159, "f1-score": 0.974489551983077, "support": 12531.0}, "samples avg": {"precision": 0.9810700674289065, "recall": 0.9782761653474055, "f1-score": 0.9752642012536472, "support": 12531.0}}