{"0": {"precision": 0.9750692520775623, "recall": 0.9545762711864407, "f1-score": 0.9647139431312093, "support": 1475.0}, "1": {"precision": 0.9790948770962554, "recall": 0.9870310328855951, "f1-score": 0.9830469380694268, "support": 4318.0}, "2": {"precision": 0.9637474541751527, "recall": 0.9610073111291633, "f1-score": 0.9623754321740899, "support": 2462.0}, "3": {"precision": 0.9396325459317585, "recall": 0.9126832377310389, "f1-score": 0.925961849337213, "support": 1569.0}, "4": {"precision": 0.9675736116287738, "recall": 0.9589951976357591, "f1-score": 0.963265306122449, "support": 2707.0}, "micro avg": {"precision": 0.9682960109158039, "recall": 0.9627324235894981, "f1-score": 0.9655062024809924, "support": 12531.0}, "macro avg": {"precision": 0.9650235481819006, "recall": 0.9548586101135994, "f1-score": 0.9598726937668776, "support": 12531.0}, "weighted avg": {"precision": 0.9681757473099737, "recall": 0.9627324235894981, "f1-score": 0.9654067020986741, "support": 12531.0}, "samples avg": {"precision": 0.9742421577250074, "recall": 0.969677513925535, "f1-score": 0.9657420669821726, "support": 12531.0}}