{"0": {"precision": 0.9918032786885246, "recall": 0.984406779661017, "f1-score": 0.9880911874787343, "support": 1475.0}, "1": {"precision": 0.9944559944559944, "recall": 0.9969893469198703, "f1-score": 0.9957210593269342, "support": 4318.0}, "2": {"precision": 0.9987770077456176, "recall": 0.9951259138911455, "f1-score": 0.9969481180061037, "support": 2462.0}, "3": {"precision": 0.9929712460063898, "recall": 0.9904397705544933, "f1-score": 0.9917038927887684, "support": 1569.0}, "4": {"precision": 0.9988893002591632, "recall": 0.9966752862947913, "f1-score": 0.9977810650887574, "support": 2707.0}, "micro avg": {"precision": 0.9957640664961637, "recall": 0.9942542494613359, "f1-score": 0.9950085852333985, "support": 12531.0}, "macro avg": {"precision": 0.9953793654311379, "recall": 0.9927274194642635, "f1-score": 0.9940490645378596, "support": 12531.0}, "weighted avg": {"precision": 0.9957645067418283, "recall": 0.9942542494613359, "f1-score": 0.9950060692057062, "support": 12531.0}, "samples avg": {"precision": 0.9967458223394899, "recall": 0.9954089709762532, "f1-score": 0.9951035166338595, "support": 12531.0}}