{"0": {"precision": 0.9681753889674681, "recall": 0.928135593220339, "f1-score": 0.9477327795084804, "support": 1475.0}, "1": {"precision": 0.9715726730857405, "recall": 0.9814729041222788, "f1-score": 0.9764976958525345, "support": 4318.0}, "2": {"precision": 0.9615069615069615, "recall": 0.9536961819658814, "f1-score": 0.9575856443719413, "support": 2462.0}, "3": {"precision": 0.9295681063122924, "recall": 0.8916507329509241, "f1-score": 0.9102147039687704, "support": 1569.0}, "4": {"precision": 0.9605801413164745, "recall": 0.9541928333949021, "f1-score": 0.9573758339510748, "support": 2707.0}, "micro avg": {"precision": 0.9617305833064776, "recall": 0.9525975580560211, "f1-score": 0.9571422844084513, "support": 12531.0}, "macro avg": {"precision": 0.9582806542377874, "recall": 0.9418296491308651, "f1-score": 0.9498813315305604, "support": 12531.0}, "weighted avg": {"precision": 0.9615611237482297, "recall": 0.9525975580560211, "f1-score": 0.9569660849048386, "support": 12531.0}, "samples avg": {"precision": 0.9684198182351218, "recall": 0.9606684256816183, "f1-score": 0.9567440074827939, "support": 12531.0}}