{"0": {"precision": 0.9862825788751715, "recall": 0.9749152542372881, "f1-score": 0.9805659734060689, "support": 1475.0}, "1": {"precision": 0.9884606508192938, "recall": 0.991894395553497, "f1-score": 0.9901745462952259, "support": 4318.0}, "2": {"precision": 0.9726976365118174, "recall": 0.9695369618196588, "f1-score": 0.9711147274206672, "support": 2462.0}, "3": {"precision": 0.9603638726445743, "recall": 0.9420012746972594, "f1-score": 0.9510939510939511, "support": 1569.0}, "4": {"precision": 0.9741506646971935, "recall": 0.9745105282600665, "f1-score": 0.9743305632502308, "support": 2707.0}, "micro avg": {"precision": 0.9785462696125521, "recall": 0.9755007581198627, "f1-score": 0.9770211405506933, "support": 12531.0}, "macro avg": {"precision": 0.9763910807096101, "recall": 0.970571682913554, "f1-score": 0.9734559522932287, "support": 12531.0}, "weighted avg": {"precision": 0.9784979842538764, "recall": 0.9755007581198627, "f1-score": 0.9769828588756845, "support": 12531.0}, "samples avg": {"precision": 0.9829434183523893, "recall": 0.9800469070653766, "f1-score": 0.9773124764417641, "support": 12531.0}}