{"0": {"precision": 0.9807860262008734, "recall": 0.9639484978540772, "f1-score": 0.9722943722943723, "support": 2330.0}, "1": {"precision": 0.9802642049976126, "recall": 0.9855976956313011, "f1-score": 0.9829237152888605, "support": 6249.0}, "2": {"precision": 0.9897510980966325, "recall": 0.9880152002338497, "f1-score": 0.9888823873610298, "support": 3421.0}, "3": {"precision": 0.9838274932614556, "recall": 0.9768064228367529, "f1-score": 0.9803043867502238, "support": 2242.0}, "4": {"precision": 0.9920958083832335, "recall": 0.990909090909091, "f1-score": 0.9915020945541592, "support": 4180.0}, "micro avg": {"precision": 0.9852085485888302, "recall": 0.9834437086092715, "f1-score": 0.984325337534976, "support": 18422.0}, "macro avg": {"precision": 0.9853449261879614, "recall": 0.9810553814930143, "f1-score": 0.983181391249729, "support": 18422.0}, "weighted avg": {"precision": 0.9852102205841275, "recall": 0.9834437086092715, "f1-score": 0.9843135393430922, "support": 18422.0}, "samples avg": {"precision": 0.9882345191040842, "recall": 0.9867024280067759, "f1-score": 0.9836861068538086, "support": 18422.0}}