{"0": {"precision": 0.9780068728522336, "recall": 0.9647457627118644, "f1-score": 0.9713310580204778, "support": 1475.0}, "1": {"precision": 0.9866328647153723, "recall": 0.991431218156554, "f1-score": 0.9890262215548111, "support": 4318.0}, "2": {"precision": 0.96826688364524, "recall": 0.966693744922827, "f1-score": 0.967479674796748, "support": 2462.0}, "3": {"precision": 0.9503592423252776, "recall": 0.9273422562141491, "f1-score": 0.9387096774193548, "support": 1569.0}, "4": {"precision": 0.9721500185666543, "recall": 0.967122275581825, "f1-score": 0.9696296296296296, "support": 2707.0}, "micro avg": {"precision": 0.9744309073420968, "recall": 0.9701540180352726, "f1-score": 0.9722877594273603, "support": 12531.0}, "macro avg": {"precision": 0.9710831764209555, "recall": 0.9634670515174438, "f1-score": 0.9672352522842042, "support": 12531.0}, "weighted avg": {"precision": 0.974338653443532, "recall": 0.9701540180352726, "f1-score": 0.9722198057522823, "support": 12531.0}, "samples avg": {"precision": 0.9791732629727353, "recall": 0.9758487247141602, "f1-score": 0.9722019795898424, "support": 12531.0}}