{"0": {"precision": 0.9974171330176496, "recall": 0.9944206008583691, "f1-score": 0.9959166129378896, "support": 2330.0}, "1": {"precision": 0.9968010236724248, "recall": 0.9972795647303568, "f1-score": 0.9970402367810575, "support": 6249.0}, "2": {"precision": 0.996780801872988, "recall": 0.9956153171587255, "f1-score": 0.9961977186311787, "support": 3421.0}, "3": {"precision": 0.995058400718778, "recall": 0.987957181088314, "f1-score": 0.9914950760966875, "support": 2242.0}, "4": {"precision": 0.9983257593877063, "recall": 0.9985645933014354, "f1-score": 0.9984451620619543, "support": 4180.0}, "micro avg": {"precision": 0.9970107071036469, "recall": 0.995765932037781, "f1-score": 0.9963879308003585, "support": 18422.0}, "macro avg": {"precision": 0.9968766237339093, "recall": 0.9947674514274402, "f1-score": 0.9958189613017534, "support": 18422.0}, "weighted avg": {"precision": 0.9970090787493058, "recall": 0.995765932037781, "f1-score": 0.9963855868665247, "support": 18422.0}, "samples avg": {"precision": 0.9974816487859965, "recall": 0.9967758328627893, "f1-score": 0.9963597823846271, "support": 18422.0}}