{"0": {"precision": 0.8874202370100274, "recall": 0.8356223175965666, "f1-score": 0.8607427055702918, "support": 2330.0}, "1": {"precision": 0.9280189423835833, "recall": 0.9407905264842374, "f1-score": 0.9343610934520026, "support": 6249.0}, "2": {"precision": 0.9543869843114469, "recall": 0.9602455422391114, "f1-score": 0.9573073000145709, "support": 3421.0}, "3": {"precision": 0.9313324238290132, "recall": 0.9134701159678859, "f1-score": 0.9223147939653231, "support": 2242.0}, "4": {"precision": 0.9665463297232251, "recall": 0.9607655502392345, "f1-score": 0.9636472705458908, "support": 4180.0}, "micro avg": {"precision": 0.937244201909959, "recall": 0.9323091955270871, "f1-score": 0.9347701853212507, "support": 18422.0}, "macro avg": {"precision": 0.9335409834514591, "recall": 0.9221788105054071, "f1-score": 0.9276746327096157, "support": 18422.0}, "weighted avg": {"precision": 0.936925868471695, "recall": 0.9323091955270871, "f1-score": 0.9344900992977021, "support": 18422.0}, "samples avg": {"precision": 0.9493713532843969, "recall": 0.9441031432335779, "f1-score": 0.9319715343317828, "support": 18422.0}}