{"0": {"precision": 0.993844049247606, "recall": 0.9850847457627119, "f1-score": 0.989445011916922, "support": 1475.0}, "1": {"precision": 0.9972228650775283, "recall": 0.9979157017137563, "f1-score": 0.9975691630975807, "support": 4318.0}, "2": {"precision": 0.9959316517493898, "recall": 0.9943135662063363, "f1-score": 0.9951219512195122, "support": 2462.0}, "3": {"precision": 0.9961636828644501, "recall": 0.992989165073295, "f1-score": 0.994573890839451, "support": 1569.0}, "4": {"precision": 0.997037037037037, "recall": 0.9944588104913188, "f1-score": 0.9957462548548178, "support": 2707.0}, "micro avg": {"precision": 0.9964014394242303, "recall": 0.9943340515521507, "f1-score": 0.9953666719923311, "support": 12531.0}, "macro avg": {"precision": 0.9960398571952022, "recall": 0.9929523978494836, "f1-score": 0.9944912543856568, "support": 12531.0}, "weighted avg": {"precision": 0.9963986998903173, "recall": 0.9943340515521507, "f1-score": 0.9953632454995086, "support": 12531.0}, "samples avg": {"precision": 0.9970272647317501, "recall": 0.9955614189387276, "f1-score": 0.9953010568050145, "support": 12531.0}}