{"0": {"precision": 0.9724517906336089, "recall": 0.9572881355932203, "f1-score": 0.9648103860608132, "support": 1475.0}, "1": {"precision": 0.9785812989405803, "recall": 0.9840203798054655, "f1-score": 0.9812933025404157, "support": 4318.0}, "2": {"precision": 0.9605851279967493, "recall": 0.9601949634443542, "f1-score": 0.9603900060938452, "support": 2462.0}, "3": {"precision": 0.9376244193762442, "recall": 0.9005736137667304, "f1-score": 0.9187256176853056, "support": 1569.0}, "4": {"precision": 0.9674766355140187, "recall": 0.9560398965644625, "f1-score": 0.9617242660720922, "support": 2707.0}, "micro avg": {"precision": 0.9669534453646378, "recall": 0.9596999441385364, "f1-score": 0.9633130406920859, "support": 12531.0}, "macro avg": {"precision": 0.9633438544922402, "recall": 0.9516233978348465, "f1-score": 0.9573887156904946, "support": 12531.0}, "weighted avg": {"precision": 0.9667969828007159, "recall": 0.9596999441385364, "f1-score": 0.963184748002367, "support": 12531.0}, "samples avg": {"precision": 0.9731515684549985, "recall": 0.9672412782175315, "f1-score": 0.9633686532367272, "support": 12531.0}}