{"0": {"precision": 0.8817733990147784, "recall": 0.8731707317073171, "f1-score": 0.8774509803921569, "support": 205.0}, "1": {"precision": 0.9500818330605565, "recall": 0.9923076923076923, "f1-score": 0.9707357859531772, "support": 1170.0}, "2": {"precision": 0.984313725490196, "recall": 0.98046875, "f1-score": 0.9823874755381604, "support": 768.0}, "3": {"precision": 0.708029197080292, "recall": 0.7238805970149254, "f1-score": 0.7158671586715867, "support": 134.0}, "4": {"precision": 0.933920704845815, "recall": 0.9298245614035088, "f1-score": 0.9318681318681319, "support": 228.0}, "micro avg": {"precision": 0.9404855129209084, "recall": 0.9588822355289421, "f1-score": 0.9495947815773869, "support": 2505.0}, "macro avg": {"precision": 0.8916237718983275, "recall": 0.8999304664866887, "f1-score": 0.8956619064846427, "support": 2505.0}, "weighted avg": {"precision": 0.9405676909257311, "recall": 0.9588822355289421, "f1-score": 0.9495026088171031, "support": 2505.0}, "samples avg": {"precision": 0.9547001832940561, "recall": 0.9701885310290652, "f1-score": 0.9532300901507501, "support": 2505.0}}