{
    "0": {
        "precision": 0.8811659192825112,
        "recall": 0.7907444668008048,
        "f1-score": 0.8335100742311771,
        "support": 497.0
    },
    "1": {
        "precision": 0.9169859514687101,
        "recall": 0.9361147327249022,
        "f1-score": 0.9264516129032258,
        "support": 767.0
    },
    "2": {
        "precision": 0.9389312977099237,
        "recall": 0.9389312977099237,
        "f1-score": 0.9389312977099237,
        "support": 524.0
    },
    "3": {
        "precision": 0.9184210526315789,
        "recall": 0.8725,
        "f1-score": 0.8948717948717949,
        "support": 400.0
    },
    "4": {
        "precision": 0.9155405405405406,
        "recall": 0.9170896785109983,
        "f1-score": 0.9163144547759933,
        "support": 591.0
    },
    "micro avg": {
        "precision": 0.9152293577981652,
        "recall": 0.897445124145376,
        "f1-score": 0.90625,
        "support": 2779.0
    },
    "macro avg": {
        "precision": 0.9142089523266529,
        "recall": 0.8910760351493259,
        "f1-score": 0.902015846898423,
        "support": 2779.0
    },
    "weighted avg": {
        "precision": 0.9146169727139258,
        "recall": 0.897445124145376,
        "f1-score": 0.9054816317779772,
        "support": 2779.0
    },
    "samples avg": {
        "precision": 0.9230757575757575,
        "recall": 0.9091818181818182,
        "f1-score": 0.8921529581529581,
        "support": 2779.0
    }
}