{"0": {"precision": 0.3186432856483618, "recall": 0.936271186440678, "f1-score": 0.47546909967292134, "support": 1475.0}, "1": {"precision": 0.7631532329495129, "recall": 0.9976841130152848, "f1-score": 0.8647997591087022, "support": 4318.0}, "2": {"precision": 0.5324043353240433, "recall": 0.9776604386677498, "f1-score": 0.6893885149649148, "support": 2462.0}, "3": {"precision": 0.35877678786419454, "recall": 0.9496494582536648, "f1-score": 0.5207969241523943, "support": 1569.0}, "4": {"precision": 0.545565749235474, "recall": 0.9885482083487255, "f1-score": 0.7031003678402522, "support": 2707.0}, "micro avg": {"precision": 0.520502589353935, "recall": 0.9785332375708243, "f1-score": 0.6795422427886614, "support": 12531.0}, "macro avg": {"precision": 0.5037086782043173, "recall": 0.9699626809452205, "f1-score": 0.650710933147837, "support": 12531.0}, "weighted avg": {"precision": 0.5678590091065736, "recall": 0.9785332375708243, "f1-score": 0.706505456502372, "support": 12531.0}, "samples avg": {"precision": 0.5373233655819407, "recall": 0.9803518029903254, "f1-score": 0.6633153243707333, "support": 12531.0}}