{
    "0": {
        "precision": 0.8055555555555556,
        "recall": 0.848780487804878,
        "f1-score": 0.8266033254156769,
        "support": 205.0
    },
    "1": {
        "precision": 0.9190251572327044,
        "recall": 0.9991452991452991,
        "f1-score": 0.9574119574119574,
        "support": 1170.0
    },
    "2": {
        "precision": 0.9828722002635046,
        "recall": 0.9713541666666666,
        "f1-score": 0.977079240340537,
        "support": 768.0
    },
    "3": {
        "precision": 0.6910569105691057,
        "recall": 0.6343283582089553,
        "f1-score": 0.6614785992217899,
        "support": 134.0
    },
    "4": {
        "precision": 0.9787234042553191,
        "recall": 0.8070175438596491,
        "f1-score": 0.8846153846153846,
        "support": 228.0
    },
    "micro avg": {
        "precision": 0.9218139171227522,
        "recall": 0.9413173652694611,
        "f1-score": 0.9314635591546514,
        "support": 2505.0
    },
    "macro avg": {
        "precision": 0.8754466455752379,
        "recall": 0.8521251711370896,
        "f1-score": 0.8614377014010692,
        "support": 2505.0
    },
    "weighted avg": {
        "precision": 0.9225527883592806,
        "recall": 0.9413173652694611,
        "f1-score": 0.9302806261284485,
        "support": 2505.0
    },
    "samples avg": {
        "precision": 0.9379942393296676,
        "recall": 0.9565069389892641,
        "f1-score": 0.935105175875011,
        "support": 2505.0
    }
}