{"0": {"precision": 0.8388429752066116, "recall": 0.8169014084507042, "f1-score": 0.8277268093781855, "support": 497.0}, "1": {"precision": 0.9114249037227214, "recall": 0.9256844850065189, "f1-score": 0.9184993531694696, "support": 767.0}, "2": {"precision": 0.9386973180076629, "recall": 0.9351145038167938, "f1-score": 0.9369024856596558, "support": 524.0}, "3": {"precision": 0.9037037037037037, "recall": 0.915, "f1-score": 0.9093167701863354, "support": 400.0}, "4": {"precision": 0.9301919720767888, "recall": 0.9018612521150592, "f1-score": 0.915807560137457, "support": 591.0}, "micro avg": {"precision": 0.9066232356134636, "recall": 0.9014033825116948, "f1-score": 0.9040057740887766, "support": 2779.0}, "macro avg": {"precision": 0.9045721745434976, "recall": 0.8989123298778152, "f1-score": 0.9016505957062207, "support": 2779.0}, "weighted avg": {"precision": 0.9064664236948154, "recall": 0.9014033825116948, "f1-score": 0.9038413482343909, "support": 2779.0}, "samples avg": {"precision": 0.9133181818181818, "recall": 0.9153636363636365, "f1-score": 0.8914805194805194, "support": 2779.0}}