{
    "AMBIENCE,None": {
        "precision": 0.9331683168316832,
        "recall": 0.9488255033557047,
        "f1-score": 0.9409317803660566,
        "support": 1192.0
    },
    "AMBIENCE,negative": {
        "precision": 0.8220640569395018,
        "recall": 0.7380191693290735,
        "f1-score": 0.7777777777777778,
        "support": 313.0
    },
    "AMBIENCE,neutral": {
        "precision": 0.0,
        "recall": 0.0,
        "f1-score": 0.0,
        "support": 11.0
    },
    "AMBIENCE,positive": {
        "precision": 0.8397790055248618,
        "recall": 0.8837209302325582,
        "f1-score": 0.8611898016997167,
        "support": 344.0
    },
    "LOCATION,None": {
        "precision": 0.9866875489428347,
        "recall": 0.9714726291441789,
        "f1-score": 0.9790209790209791,
        "support": 1297.0
    },
    "LOCATION,negative": {
        "precision": 0.7291666666666666,
        "recall": 0.813953488372093,
        "f1-score": 0.7692307692307693,
        "support": 43.0
    },
    "LOCATION,neutral": {
        "precision": 0.5555555555555556,
        "recall": 0.2631578947368421,
        "f1-score": 0.35714285714285715,
        "support": 19.0
    },
    "LOCATION,positive": {
        "precision": 0.9182509505703422,
        "recall": 0.9640718562874252,
        "f1-score": 0.9406037000973709,
        "support": 501.0
    },
    "PRICES,None": {
        "precision": 0.9857054070851461,
        "recall": 0.9808286951144094,
        "f1-score": 0.9832610043397396,
        "support": 1617.0
    },
    "PRICES,negative": {
        "precision": 0.7294117647058823,
        "recall": 0.7654320987654321,
        "f1-score": 0.7469879518072289,
        "support": 81.0
    },
    "PRICES,neutral": {
        "precision": 0.0,
        "recall": 0.0,
        "f1-score": 0.0,
        "support": 3.0
    },
    "PRICES,positive": {
        "precision": 0.8545454545454545,
        "recall": 0.8867924528301887,
        "f1-score": 0.8703703703703703,
        "support": 159.0
    },
    "QUALITY,None": {
        "precision": 0.8807429130009775,
        "recall": 0.8646833013435701,
        "f1-score": 0.8726392251815981,
        "support": 1042.0
    },
    "QUALITY,negative": {
        "precision": 0.615916955017301,
        "recall": 0.726530612244898,
        "f1-score": 0.6666666666666666,
        "support": 245.0
    },
    "QUALITY,neutral": {
        "precision": 0.08695652173913043,
        "recall": 0.18181818181818182,
        "f1-score": 0.11764705882352941,
        "support": 11.0
    },
    "QUALITY,positive": {
        "precision": 0.8419047619047619,
        "recall": 0.7864768683274022,
        "f1-score": 0.8132474701011959,
        "support": 562.0
    },
    "SERVICE,None": {
        "precision": 0.9497307001795332,
        "recall": 0.9463327370304114,
        "f1-score": 0.9480286738351255,
        "support": 559.0
    },
    "SERVICE,negative": {
        "precision": 0.8,
        "recall": 0.7407407407407407,
        "f1-score": 0.7692307692307693,
        "support": 135.0
    },
    "SERVICE,neutral": {
        "precision": 0.7,
        "recall": 0.5737704918032787,
        "f1-score": 0.6306306306306306,
        "support": 61.0
    },
    "SERVICE,positive": {
        "precision": 0.9601063829787234,
        "recall": 0.9800904977375565,
        "f1-score": 0.9699955217196596,
        "support": 1105.0
    },
    "accuracy": 0.9148387096774193,
    "macro avg": {
        "precision": 0.7094846481094178,
        "recall": 0.7008359074606972,
        "f1-score": 0.7007301504021022,
        "support": 9300.0
    },
    "weighted avg": {
        "precision": 0.9155174587248496,
        "recall": 0.9148387096774193,
        "f1-score": 0.914632040928486,
        "support": 9300.0
    },
    "static_polor_test": {
        "AMBIENCE,None": 1192,
        "AMBIENCE,negative": 313,
        "AMBIENCE,neutral": 11,
        "AMBIENCE,positive": 344,
        "LOCATION,None": 1297,
        "LOCATION,negative": 43,
        "LOCATION,neutral": 19,
        "LOCATION,positive": 501,
        "PRICES,None": 1617,
        "PRICES,negative": 81,
        "PRICES,neutral": 3,
        "PRICES,positive": 159,
        "QUALITY,None": 1042,
        "QUALITY,negative": 245,
        "QUALITY,neutral": 11,
        "QUALITY,positive": 562,
        "SERVICE,None": 559,
        "SERVICE,negative": 135,
        "SERVICE,neutral": 61,
        "SERVICE,positive": 1105
    },
    "static_polar_pred": {
        "AMBIENCE,None": 1212,
        "AMBIENCE,negative": 281,
        "AMBIENCE,neutral": 5,
        "AMBIENCE,positive": 362,
        "LOCATION,None": 1277,
        "LOCATION,negative": 48,
        "LOCATION,neutral": 9,
        "LOCATION,positive": 526,
        "PRICES,None": 1609,
        "PRICES,negative": 85,
        "PRICES,neutral": 1,
        "PRICES,positive": 165,
        "QUALITY,None": 1023,
        "QUALITY,negative": 289,
        "QUALITY,neutral": 23,
        "QUALITY,positive": 525,
        "SERVICE,None": 557,
        "SERVICE,negative": 125,
        "SERVICE,neutral": 50,
        "SERVICE,positive": 1128
    }
}