{"0": {"precision": 0.8775510204081632, "recall": 0.8390243902439024, "f1-score": 0.85785536159601, "support": 205.0}, "1": {"precision": 0.9307568438003221, "recall": 0.9880341880341881, "f1-score": 0.9585406301824212, "support": 1170.0}, "2": {"precision": 0.9828042328042328, "recall": 0.9674479166666666, "f1-score": 0.9750656167979003, "support": 768.0}, "3": {"precision": 0.6853146853146853, "recall": 0.7313432835820896, "f1-score": 0.7075812274368231, "support": 134.0}, "4": {"precision": 0.8801652892561983, "recall": 0.9342105263157895, "f1-score": 0.9063829787234042, "support": 228.0}, "micro avg": {"precision": 0.9236138037999224, "recall": 0.9508982035928144, "f1-score": 0.9370574350904799, "support": 2505.0}, "macro avg": {"precision": 0.8713184143167203, "recall": 0.8920120609685271, "f1-score": 0.8810851629473117, "support": 2505.0}, "weighted avg": {"precision": 0.924625537327857, "recall": 0.9508982035928144, "f1-score": 0.9371954027013463, "support": 2505.0}, "samples avg": {"precision": 0.9347416020671834, "recall": 0.9613565891472869, "f1-score": 0.9296991509782208, "support": 2505.0}}