{"0": {"precision": 0.9890485968514716, "recall": 0.9796610169491525, "f1-score": 0.9843324250681199, "support": 1475.0}, "1": {"precision": 0.9933071774751904, "recall": 0.9967577582213988, "f1-score": 0.9950294763611143, "support": 4318.0}, "2": {"precision": 0.9788703778951645, "recall": 0.9784727863525589, "f1-score": 0.9786715417428398, "support": 2462.0}, "3": {"precision": 0.9721502590673575, "recall": 0.9566602931803697, "f1-score": 0.9643430774172823, "support": 1569.0}, "4": {"precision": 0.9847753434831044, "recall": 0.9796823051348356, "f1-score": 0.9822222222222222, "support": 2707.0}, "micro avg": {"precision": 0.9855107268651937, "recall": 0.9824435400207485, "f1-score": 0.9839747432362227, "support": 12531.0}, "macro avg": {"precision": 0.9836303509544576, "recall": 0.9782468319676632, "f1-score": 0.9809197485623157, "support": 12531.0}, "weighted avg": {"precision": 0.9854773405440216, "recall": 0.9824435400207485, "f1-score": 0.9839475529245001, "support": 12531.0}, "samples avg": {"precision": 0.9886866021694518, "recall": 0.9860891234242156, "f1-score": 0.9843810640644414, "support": 12531.0}}