{"0": {"precision": 0.8760683760683761, "recall": 0.8249496981891348, "f1-score": 0.8497409326424871, "support": 497.0}, "1": {"precision": 0.9074778200253485, "recall": 0.9335071707953064, "f1-score": 0.9203084832904884, "support": 767.0}, "2": {"precision": 0.9360902255639098, "recall": 0.950381679389313, "f1-score": 0.9431818181818182, "support": 524.0}, "3": {"precision": 0.8706697459584296, "recall": 0.9425, "f1-score": 0.9051620648259304, "support": 400.0}, "4": {"precision": 0.9368421052631579, "recall": 0.9035532994923858, "f1-score": 0.9198966408268734, "support": 591.0}, "micro avg": {"precision": 0.9079512893982808, "recall": 0.9121986326016552, "f1-score": 0.9100700053850296, "support": 2779.0}, "macro avg": {"precision": 0.9054296545758443, "recall": 0.9109783695732279, "f1-score": 0.9076579879535196, "support": 2779.0}, "weighted avg": {"precision": 0.9082023503615733, "recall": 0.9121986326016552, "f1-score": 0.9097333082380166, "support": 2779.0}, "samples avg": {"precision": 0.9163030303030303, "recall": 0.9266666666666667, "f1-score": 0.9006608946608947, "support": 2779.0}}