{"AMBIENCE,None": {"precision": 0.9666947723440135, "recall": 0.9490894039735099, "f1-score": 0.9578111946532999, "support": 2416.0}, "AMBIENCE,negative": {"precision": 0.8106666666666666, "recall": 0.7581047381546134, "f1-score": 0.7835051546391752, "support": 401.0}, "AMBIENCE,neutral": {"precision": 0.2222222222222222, "recall": 0.21739130434782608, "f1-score": 0.21978021978021978, "support": 46.0}, "AMBIENCE,positive": {"precision": 0.7570281124497992, "recall": 0.882903981264637, "f1-score": 0.8151351351351351, "support": 427.0}, "LOCATION,None": {"precision": 0.9807616804083236, "recall": 0.9648512939358825, "f1-score": 0.9727414330218068, "support": 2589.0}, "LOCATION,negative": {"precision": 0.6885245901639344, "recall": 0.84, "f1-score": 0.7567567567567568, "support": 50.0}, "LOCATION,neutral": {"precision": 0.5775862068965517, "recall": 0.5491803278688525, "f1-score": 0.5630252100840336, "support": 122.0}, "LOCATION,positive": {"precision": 0.8851590106007067, "recall": 0.947069943289225, "f1-score": 0.915068493150685, "support": 529.0}, "PRICES,None": {"precision": 0.9832525341560159, "recall": 0.9797979797979798, "f1-score": 0.98152221733392, "support": 2277.0}, "PRICES,negative": {"precision": 0.8153846153846154, "recall": 0.7737226277372263, "f1-score": 0.7940074906367042, "support": 137.0}, "PRICES,neutral": {"precision": 0.813953488372093, "recall": 0.7538461538461538, "f1-score": 0.7827476038338658, "support": 325.0}, "PRICES,positive": {"precision": 0.8254237288135593, "recall": 0.8838475499092558, "f1-score": 0.8536371603856266, "support": 551.0}, "QUALITY,None": {"precision": 0.8788355625491738, "recall": 0.8632148377125193, "f1-score": 0.8709551656920078, "support": 1294.0}, "QUALITY,negative": {"precision": 0.7163323782234957, "recall": 0.7082152974504249, "f1-score": 0.7122507122507122, "support": 353.0}, "QUALITY,neutral": {"precision": 0.5076923076923077, "recall": 0.5641025641025641, "f1-score": 0.5344129554655871, "support": 117.0}, "QUALITY,positive": {"precision": 0.8876623376623377, "recall": 0.8958060288335518, "f1-score": 0.8917155903457273, "support": 1526.0}, "SERVICE,None": {"precision": 0.979154603358425, "recall": 0.9657338663620788, "f1-score": 0.9723979298447384, "support": 1751.0}, "SERVICE,negative": {"precision": 0.8235294117647058, "recall": 0.6746987951807228, "f1-score": 0.7417218543046358, "support": 166.0}, "SERVICE,neutral": {"precision": 0.6029411764705882, "recall": 0.5324675324675324, "f1-score": 0.5655172413793104, "support": 77.0}, "SERVICE,positive": {"precision": 0.9403973509933775, "recall": 0.9861111111111112, "f1-score": 0.9627118644067797, "support": 1296.0}, "accuracy": 0.9168996960486322, "macro avg": {"precision": 0.7831601378596458, "recall": 0.7845077668672833, "f1-score": 0.7823710691550365, "support": 16450.0}, "weighted avg": {"precision": 0.9177369823343979, "recall": 0.9168996960486322, "f1-score": 0.9168782178459391, "support": 16450.0}, "static_polor_test": {"AMBIENCE,None": 2416, "AMBIENCE,negative": 401, "AMBIENCE,neutral": 46, "AMBIENCE,positive": 427, "LOCATION,None": 2589, "LOCATION,negative": 50, "LOCATION,neutral": 122, "LOCATION,positive": 529, "PRICES,None": 2277, "PRICES,negative": 137, "PRICES,neutral": 325, "PRICES,positive": 551, "QUALITY,None": 1294, "QUALITY,negative": 353, "QUALITY,neutral": 117, "QUALITY,positive": 1526, "SERVICE,None": 1751, "SERVICE,negative": 166, "SERVICE,neutral": 77, "SERVICE,positive": 1296}, "static_polar_pred": {"AMBIENCE,None": 2372, "AMBIENCE,negative": 375, "AMBIENCE,neutral": 45, "AMBIENCE,positive": 498, "LOCATION,None": 2547, "LOCATION,negative": 61, "LOCATION,neutral": 116, "LOCATION,positive": 566, "PRICES,None": 2269, "PRICES,negative": 130, "PRICES,neutral": 301, "PRICES,positive": 590, "QUALITY,None": 1271, "QUALITY,negative": 349, "QUALITY,neutral": 130, "QUALITY,positive": 1540, "SERVICE,None": 1727, "SERVICE,negative": 136, "SERVICE,neutral": 68, "SERVICE,positive": 1359}}