{
    "AMBIENCE,None": {
        "precision": 0.9518930957683742,
        "recall": 0.945575221238938,
        "f1-score": 0.948723640399556,
        "support": 2260.0
    },
    "AMBIENCE,negative": {
        "precision": 0.8020833333333334,
        "recall": 0.6676300578034682,
        "f1-score": 0.7287066246056783,
        "support": 346.0
    },
    "AMBIENCE,neutral": {
        "precision": 0.23076923076923078,
        "recall": 0.35294117647058826,
        "f1-score": 0.27906976744186046,
        "support": 34.0
    },
    "AMBIENCE,positive": {
        "precision": 0.7773722627737226,
        "recall": 0.8640973630831643,
        "f1-score": 0.8184438040345822,
        "support": 493.0
    },
    "LOCATION,None": {
        "precision": 0.985531914893617,
        "recall": 0.9507389162561576,
        "f1-score": 0.9678228165482657,
        "support": 2436.0
    },
    "LOCATION,negative": {
        "precision": 0.6875,
        "recall": 0.88,
        "f1-score": 0.7719298245614035,
        "support": 50.0
    },
    "LOCATION,neutral": {
        "precision": 0.5310344827586206,
        "recall": 0.6311475409836066,
        "f1-score": 0.5767790262172284,
        "support": 122.0
    },
    "LOCATION,positive": {
        "precision": 0.8519163763066202,
        "recall": 0.9314285714285714,
        "f1-score": 0.8898999090081893,
        "support": 525.0
    },
    "PRICES,None": {
        "precision": 0.9815777042985356,
        "recall": 0.9792648444863337,
        "f1-score": 0.9804199103562161,
        "support": 2122.0
    },
    "PRICES,negative": {
        "precision": 0.6928104575163399,
        "recall": 0.8091603053435115,
        "f1-score": 0.7464788732394366,
        "support": 131.0
    },
    "PRICES,neutral": {
        "precision": 0.8358778625954199,
        "recall": 0.6952380952380952,
        "f1-score": 0.7590987868284229,
        "support": 315.0
    },
    "PRICES,positive": {
        "precision": 0.8435940099833611,
        "recall": 0.8973451327433628,
        "f1-score": 0.869639794168096,
        "support": 565.0
    },
    "QUALITY,None": {
        "precision": 0.8734770384254921,
        "recall": 0.8139737991266376,
        "f1-score": 0.8426763110307414,
        "support": 1145.0
    },
    "QUALITY,negative": {
        "precision": 0.6232876712328768,
        "recall": 0.6666666666666666,
        "f1-score": 0.6442477876106195,
        "support": 273.0
    },
    "QUALITY,neutral": {
        "precision": 0.43661971830985913,
        "recall": 0.5636363636363636,
        "f1-score": 0.49206349206349204,
        "support": 110.0
    },
    "QUALITY,positive": {
        "precision": 0.8848039215686274,
        "recall": 0.8996884735202493,
        "f1-score": 0.8921841210997837,
        "support": 1605.0
    },
    "SERVICE,None": {
        "precision": 0.9788461538461538,
        "recall": 0.9519950124688279,
        "f1-score": 0.9652338811630847,
        "support": 1604.0
    },
    "SERVICE,negative": {
        "precision": 0.7484276729559748,
        "recall": 0.725609756097561,
        "f1-score": 0.7368421052631579,
        "support": 164.0
    },
    "SERVICE,neutral": {
        "precision": 0.4672897196261682,
        "recall": 0.6578947368421053,
        "f1-score": 0.546448087431694,
        "support": 76.0
    },
    "SERVICE,positive": {
        "precision": 0.9533282325937261,
        "recall": 0.9666408068269977,
        "f1-score": 0.9599383667180277,
        "support": 1289.0
    },
    "accuracy": 0.9067347590169167,
    "macro avg": {
        "precision": 0.7569020429778027,
        "recall": 0.7925336420130604,
        "f1-score": 0.7708323464894768,
        "support": 15665.0
    },
    "weighted avg": {
        "precision": 0.91134719726336,
        "recall": 0.9067347590169167,
        "f1-score": 0.9081712873938966,
        "support": 15665.0
    },
    "static_polor_test": {
        "AMBIENCE,None": 2260,
        "AMBIENCE,negative": 346,
        "AMBIENCE,neutral": 34,
        "AMBIENCE,positive": 493,
        "LOCATION,None": 2436,
        "LOCATION,negative": 50,
        "LOCATION,neutral": 122,
        "LOCATION,positive": 525,
        "PRICES,None": 2122,
        "PRICES,negative": 131,
        "PRICES,neutral": 315,
        "PRICES,positive": 565,
        "QUALITY,None": 1145,
        "QUALITY,negative": 273,
        "QUALITY,neutral": 110,
        "QUALITY,positive": 1605,
        "SERVICE,None": 1604,
        "SERVICE,negative": 164,
        "SERVICE,neutral": 76,
        "SERVICE,positive": 1289
    },
    "static_polar_pred": {
        "AMBIENCE,None": 2245,
        "AMBIENCE,negative": 288,
        "AMBIENCE,neutral": 52,
        "AMBIENCE,positive": 548,
        "LOCATION,None": 2350,
        "LOCATION,negative": 64,
        "LOCATION,neutral": 145,
        "LOCATION,positive": 574,
        "PRICES,None": 2117,
        "PRICES,negative": 153,
        "PRICES,neutral": 262,
        "PRICES,positive": 601,
        "QUALITY,None": 1067,
        "QUALITY,negative": 292,
        "QUALITY,neutral": 142,
        "QUALITY,positive": 1632,
        "SERVICE,None": 1560,
        "SERVICE,negative": 159,
        "SERVICE,neutral": 107,
        "SERVICE,positive": 1307
    }
}