{"AMBIENCE,None": {"precision": 0.6776034236804565, "recall": 0.8232235701906413, "f1-score": 0.7433489827856025, "support": 577.0}, "AMBIENCE,negative": {"precision": 0.5238095238095238, "recall": 0.14102564102564102, "f1-score": 0.2222222222222222, "support": 156.0}, "AMBIENCE,neutral": {"precision": 1.0, "recall": 0.0, "f1-score": 0.0, "support": 48.0}, "AMBIENCE,positive": {"precision": 0.525679758308157, "recall": 0.5938566552901023, "f1-score": 0.5576923076923077, "support": 293.0}, "LOCATION,None": {"precision": 0.8839541547277937, "recall": 0.9154302670623146, "f1-score": 0.8994169096209913, "support": 674.0}, "LOCATION,negative": {"precision": 1.0, "recall": 0.0, "f1-score": 0.0, "support": 32.0}, "LOCATION,neutral": {"precision": 1.0, "recall": 0.0, "f1-score": 0.0, "support": 114.0}, "LOCATION,positive": {"precision": 0.6196808510638298, "recall": 0.9173228346456693, "f1-score": 0.7396825396825397, "support": 254.0}, "PRICES,None": {"precision": 0.9747081712062257, "recall": 0.9109090909090909, "f1-score": 0.9417293233082706, "support": 550.0}, "PRICES,negative": {"precision": 0.32, "recall": 0.14814814814814814, "f1-score": 0.20253164556962025, "support": 54.0}, "PRICES,neutral": {"precision": 0.6640625, "recall": 0.4358974358974359, "f1-score": 0.5263157894736842, "support": 195.0}, "PRICES,positive": {"precision": 0.601965601965602, "recall": 0.8909090909090909, "f1-score": 0.718475073313783, "support": 275.0}, "QUALITY,None": {"precision": 0.6081504702194357, "recall": 0.6319218241042345, "f1-score": 0.6198083067092651, "support": 307.0}, "QUALITY,negative": {"precision": 0.3111111111111111, "recall": 0.3111111111111111, "f1-score": 0.3111111111111111, "support": 90.0}, "QUALITY,neutral": {"precision": 1.0, "recall": 0.0, "f1-score": 0.0, "support": 54.0}, "QUALITY,positive": {"precision": 0.7894736842105263, "recall": 0.8426966292134831, "f1-score": 0.8152173913043478, "support": 623.0}, "SERVICE,None": {"precision": 0.9264367816091954, "recall": 0.8343685300207039, "f1-score": 0.8779956427015251, "support": 483.0}, "SERVICE,negative": {"precision": 0.7894736842105263, "recall": 0.46875, "f1-score": 0.5882352941176471, "support": 64.0}, "SERVICE,neutral": {"precision": 1.0, "recall": 0.0, "f1-score": 0.0, "support": 50.0}, "SERVICE,positive": {"precision": 0.7687188019966722, "recall": 0.9685534591194969, "f1-score": 0.8571428571428571, "support": 477.0}, "accuracy": 0.7452513966480447, "macro avg": {"precision": 0.7492414259059528, "recall": 0.4917062143823582, "f1-score": 0.48104626983778875, "support": 5370.0}, "weighted avg": {"precision": 0.7630391691811104, "recall": 0.7452513966480447, "f1-score": 0.7163700150630441, "support": 5370.0}, "static_polor_test": {"AMBIENCE,None": 577, "AMBIENCE,negative": 156, "AMBIENCE,neutral": 48, "AMBIENCE,positive": 293, "LOCATION,None": 674, "LOCATION,negative": 32, "LOCATION,neutral": 114, "LOCATION,positive": 254, "PRICES,None": 550, "PRICES,negative": 54, "PRICES,neutral": 195, "PRICES,positive": 275, "QUALITY,None": 307, "QUALITY,negative": 90, "QUALITY,neutral": 54, "QUALITY,positive": 623, "SERVICE,None": 483, "SERVICE,negative": 64, "SERVICE,neutral": 50, "SERVICE,positive": 477}, "static_polar_pred": {"AMBIENCE,None": 701, "AMBIENCE,negative": 42, "AMBIENCE,positive": 331, "LOCATION,None": 698, "LOCATION,positive": 376, "PRICES,None": 514, "PRICES,negative": 25, "PRICES,neutral": 128, "PRICES,positive": 407, "QUALITY,None": 319, "QUALITY,negative": 90, "QUALITY,positive": 665, "SERVICE,None": 435, "SERVICE,negative": 38, "SERVICE,positive": 601}}