{"0": {"precision": 0.7923728813559322, "recall": 0.9121951219512195, "f1-score": 0.8480725623582767, "support": 205.0}, "1": {"precision": 0.9506276150627615, "recall": 0.9709401709401709, "f1-score": 0.960676532769556, "support": 1170.0}, "2": {"precision": 0.9767441860465116, "recall": 0.984375, "f1-score": 0.980544747081712, "support": 768.0}, "3": {"precision": 0.6601307189542484, "recall": 0.753731343283582, "f1-score": 0.7038327526132404, "support": 134.0}, "4": {"precision": 0.8714859437751004, "recall": 0.9517543859649122, "f1-score": 0.909853249475891, "support": 228.0}, "micro avg": {"precision": 0.9194476409666283, "recall": 0.9568862275449102, "f1-score": 0.937793427230047, "support": 2505.0}, "macro avg": {"precision": 0.8502722690389108, "recall": 0.9145992044279769, "f1-score": 0.8805959688597351, "support": 2505.0}, "weighted avg": {"precision": 0.9229407571679482, "recall": 0.9568862275449102, "f1-score": 0.9391875904643749, "support": 2505.0}, "samples avg": {"precision": 0.9335658914728682, "recall": 0.9634108527131783, "f1-score": 0.9312809154669619, "support": 2505.0}}