{"0": {"precision": 0.861244019138756, "recall": 0.8780487804878049, "f1-score": 0.8695652173913043, "support": 205.0}, "1": {"precision": 0.9424342105263158, "recall": 0.9794871794871794, "f1-score": 0.9606035205364627, "support": 1170.0}, "2": {"precision": 0.9792746113989638, "recall": 0.984375, "f1-score": 0.9818181818181818, "support": 768.0}, "3": {"precision": 0.6607142857142857, "recall": 0.8283582089552238, "f1-score": 0.7350993377483444, "support": 134.0}, "4": {"precision": 0.907563025210084, "recall": 0.9473684210526315, "f1-score": 0.927038626609442, "support": 228.0}, "micro avg": {"precision": 0.9254706108336535, "recall": 0.9616766467065868, "f1-score": 0.9432263116679718, "support": 2505.0}, "macro avg": {"precision": 0.870246030397681, "recall": 0.923527517996568, "f1-score": 0.894824976820747, "support": 2505.0}, "weighted avg": {"precision": 0.9288407328651704, "recall": 0.9616766467065868, "f1-score": 0.9445395091235421, "support": 2505.0}, "samples avg": {"precision": 0.9377260981912143, "recall": 0.9670671834625323, "f1-score": 0.9355715516180633, "support": 2505.0}}