{
    "0": {
        "precision": 0.788135593220339,
        "recall": 0.9073170731707317,
        "f1-score": 0.8435374149659864,
        "support": 205.0
    },
    "1": {
        "precision": 0.9310064935064936,
        "recall": 0.9803418803418803,
        "f1-score": 0.95503746877602,
        "support": 1170.0
    },
    "2": {
        "precision": 0.9730423620025674,
        "recall": 0.9869791666666666,
        "f1-score": 0.9799612152553329,
        "support": 768.0
    },
    "3": {
        "precision": 0.6474358974358975,
        "recall": 0.753731343283582,
        "f1-score": 0.696551724137931,
        "support": 134.0
    },
    "4": {
        "precision": 0.890295358649789,
        "recall": 0.9254385964912281,
        "f1-score": 0.9075268817204301,
        "support": 228.0
    },
    "micro avg": {
        "precision": 0.9102272727272728,
        "recall": 0.9592814371257485,
        "f1-score": 0.9341107871720117,
        "support": 2505.0
    },
    "macro avg": {
        "precision": 0.8459831409630173,
        "recall": 0.9107616119908177,
        "f1-score": 0.87652294097114,
        "support": 2505.0
    },
    "weighted avg": {
        "precision": 0.91332761679014,
        "recall": 0.9592814371257485,
        "f1-score": 0.9354025077520188,
        "support": 2505.0
    },
    "samples avg": {
        "precision": 0.9261240310077522,
        "recall": 0.9667829457364342,
        "f1-score": 0.9274529346622371,
        "support": 2505.0
    }
}