{"0": {"precision": 0.8017241379310345, "recall": 0.9073170731707317, "f1-score": 0.851258581235698, "support": 205.0}, "1": {"precision": 0.96160409556314, "recall": 0.9632478632478633, "f1-score": 0.9624252775405636, "support": 1170.0}, "2": {"precision": 0.9755154639175257, "recall": 0.9856770833333334, "f1-score": 0.9805699481865285, "support": 768.0}, "3": {"precision": 0.6588235294117647, "recall": 0.835820895522388, "f1-score": 0.7368421052631579, "support": 134.0}, "4": {"precision": 0.8930041152263375, "recall": 0.9517543859649122, "f1-score": 0.921443736730361, "support": 228.0}, "micro avg": {"precision": 0.9251831854994215, "recall": 0.957684630738523, "f1-score": 0.9411533934876423, "support": 2505.0}, "macro avg": {"precision": 0.8581342684099604, "recall": 0.9287634602478458, "f1-score": 0.8905079297912618, "support": 2505.0}, "weighted avg": {"precision": 0.9303446736870968, "recall": 0.957684630738523, "f1-score": 0.9430935401847573, "support": 2505.0}, "samples avg": {"precision": 0.940361757105943, "recall": 0.9600904392764857, "f1-score": 0.9307001353512983, "support": 2505.0}}