{"0": {"precision": 0.7838983050847458, "recall": 0.9024390243902439, "f1-score": 0.8390022675736961, "support": 205.0}, "1": {"precision": 0.9474116680361545, "recall": 0.9854700854700855, "f1-score": 0.9660661918726435, "support": 1170.0}, "2": {"precision": 0.9817232375979112, "recall": 0.9791666666666666, "f1-score": 0.9804432855280313, "support": 768.0}, "3": {"precision": 0.6707317073170732, "recall": 0.8208955223880597, "f1-score": 0.738255033557047, "support": 134.0}, "4": {"precision": 0.8962655601659751, "recall": 0.9473684210526315, "f1-score": 0.9211087420042644, "support": 228.0}, "micro avg": {"precision": 0.9207317073170732, "recall": 0.9644710578842315, "f1-score": 0.9420939754338078, "support": 2505.0}, "macro avg": {"precision": 0.8560060956403721, "recall": 0.9270679439935374, "f1-score": 0.8889751041071363, "support": 2505.0}, "weighted avg": {"precision": 0.9250941505461875, "recall": 0.9644710578842315, "f1-score": 0.9437973334541896, "support": 2505.0}, "samples avg": {"precision": 0.9363695090439276, "recall": 0.9709819121447028, "f1-score": 0.9362962962962964, "support": 2505.0}}