{
    "0": {
        "precision": 0.8518518518518519,
        "recall": 0.8975609756097561,
        "f1-score": 0.8741092636579573,
        "support": 205.0
    },
    "1": {
        "precision": 0.9218009478672986,
        "recall": 0.9974358974358974,
        "f1-score": 0.958128078817734,
        "support": 1170.0
    },
    "2": {
        "precision": 0.9768041237113402,
        "recall": 0.9869791666666666,
        "f1-score": 0.9818652849740933,
        "support": 768.0
    },
    "3": {
        "precision": 0.6875,
        "recall": 0.7388059701492538,
        "f1-score": 0.7122302158273381,
        "support": 134.0
    },
    "4": {
        "precision": 0.895397489539749,
        "recall": 0.9385964912280702,
        "f1-score": 0.9164882226980728,
        "support": 228.0
    },
    "micro avg": {
        "precision": 0.9170768648239304,
        "recall": 0.9668662674650699,
        "f1-score": 0.9413136416634279,
        "support": 2505.0
    },
    "macro avg": {
        "precision": 0.8666708825940479,
        "recall": 0.9118757002179289,
        "f1-score": 0.8885642131950391,
        "support": 2505.0
    },
    "weighted avg": {
        "precision": 0.9180031669699564,
        "recall": 0.9668662674650699,
        "f1-score": 0.941586009510083,
        "support": 2505.0
    },
    "samples avg": {
        "precision": 0.9285400516795866,
        "recall": 0.9768863049095607,
        "f1-score": 0.935828719084533,
        "support": 2505.0
    }
}