{"0": {"precision": 0.7941176470588235, "recall": 0.9219512195121952, "f1-score": 0.8532731376975169, "support": 205.0}, "1": {"precision": 0.9390243902439024, "recall": 0.9871794871794872, "f1-score": 0.9625, "support": 1170.0}, "2": {"precision": 0.9817708333333334, "recall": 0.9817708333333334, "f1-score": 0.9817708333333334, "support": 768.0}, "3": {"precision": 0.6748466257668712, "recall": 0.8208955223880597, "f1-score": 0.7407407407407407, "support": 134.0}, "4": {"precision": 0.8755020080321285, "recall": 0.956140350877193, "f1-score": 0.9140461215932913, "support": 228.0}, "micro avg": {"precision": 0.9161631419939577, "recall": 0.9684630738522955, "f1-score": 0.9415874248010867, "support": 2505.0}, "macro avg": {"precision": 0.8530523008870118, "recall": 0.9335874826580536, "f1-score": 0.8904661666729765, "support": 2505.0}, "weighted avg": {"precision": 0.9203579081503035, "recall": 0.9684630738522955, "f1-score": 0.9431967138564952, "support": 2505.0}, "samples avg": {"precision": 0.9330361757105944, "recall": 0.9727260981912145, "f1-score": 0.9350123046634673, "support": 2505.0}}