{
  "0": {
    "precision": 0.51,
    "recall": 1.0,
    "f1-score": 0.6754966887417219,
    "support": 255.0
  },
  "1": {
    "precision": 0.9568788501026694,
    "recall": 0.9831223628691983,
    "f1-score": 0.9698231009365245,
    "support": 474.0
  },
  "2": {
    "precision": 0.81,
    "recall": 1.0,
    "f1-score": 0.8950276243093923,
    "support": 405.0
  },
  "3": {
    "precision": 0.3588709677419355,
    "recall": 0.994413407821229,
    "f1-score": 0.5274074074074074,
    "support": 179.0
  },
  "4": {
    "precision": 0.35,
    "recall": 1.0,
    "f1-score": 0.5185185185185185,
    "support": 175.0
  },
  "micro avg": {
    "precision": 0.5956504228755538,
    "recall": 0.9939516129032258,
    "f1-score": 0.7449005288340469,
    "support": 1488.0
  },
  "macro avg": {
    "precision": 0.597149963568921,
    "recall": 0.9955071541380855,
    "f1-score": 0.717254667982713,
    "support": 1488.0
  },
  "weighted avg": {
    "precision": 0.6970083858699406,
    "recall": 0.9939516129032258,
    "f1-score": 0.7927289381619772,
    "support": 1488.0
  },
  "samples avg": {
    "precision": 0.5947,
    "recall": 0.9929333333333333,
    "f1-score": 0.7208126984126985,
    "support": 1488.0
  }
}
