{"0": {"precision": 0.8490566037735849, "recall": 0.8780487804878049, "f1-score": 0.8633093525179856, "support": 205.0}, "1": {"precision": 0.9346246973365617, "recall": 0.9897435897435898, "f1-score": 0.9613947696139477, "support": 1170.0}, "2": {"precision": 0.9828722002635046, "recall": 0.9713541666666666, "f1-score": 0.977079240340537, "support": 768.0}, "3": {"precision": 0.7027027027027027, "recall": 0.7761194029850746, "f1-score": 0.7375886524822695, "support": 134.0}, "4": {"precision": 0.8949579831932774, "recall": 0.9342105263157895, "f1-score": 0.9141630901287554, "support": 228.0}, "micro avg": {"precision": 0.924884437596302, "recall": 0.9584830339321357, "f1-score": 0.9413840423446383, "support": 2505.0}, "macro avg": {"precision": 0.8728428374539263, "recall": 0.909895293239785, "f1-score": 0.8907070210166991, "support": 2505.0}, "weighted avg": {"precision": 0.9263975775608635, "recall": 0.9584830339321357, "f1-score": 0.9419054763584906, "support": 2505.0}, "samples avg": {"precision": 0.9340051679586564, "recall": 0.9675452196382428, "f1-score": 0.9340783807062878, "support": 2505.0}}