{"0": {"precision": 0.8044444444444444, "recall": 0.8829268292682927, "f1-score": 0.8418604651162791, "support": 205.0}, "1": {"precision": 0.9319286871961102, "recall": 0.9829059829059829, "f1-score": 0.956738768718802, "support": 1170.0}, "2": {"precision": 0.980544747081712, "recall": 0.984375, "f1-score": 0.9824561403508771, "support": 768.0}, "3": {"precision": 0.6105263157894737, "recall": 0.8656716417910447, "f1-score": 0.7160493827160493, "support": 134.0}, "4": {"precision": 0.9227272727272727, "recall": 0.8903508771929824, "f1-score": 0.90625, "support": 228.0}, "micro avg": {"precision": 0.9113636363636364, "recall": 0.9604790419161676, "f1-score": 0.9352769679300291, "support": 2505.0}, "macro avg": {"precision": 0.8500342934478026, "recall": 0.9212460662316605, "f1-score": 0.8806709513804016, "support": 2505.0}, "weighted avg": {"precision": 0.9183706129289112, "recall": 0.9604790419161676, "f1-score": 0.9377515719853332, "support": 2505.0}, "samples avg": {"precision": 0.927467700258398, "recall": 0.9674806201550386, "f1-score": 0.9286551002830074, "support": 2505.0}}