{"0": {"precision": 0.7682926829268293, "recall": 0.9219512195121952, "f1-score": 0.8381374722838137, "support": 205.0}, "1": {"precision": 0.9435813573180704, "recall": 0.9863247863247864, "f1-score": 0.9644797325532805, "support": 1170.0}, "2": {"precision": 0.9754838709677419, "recall": 0.984375, "f1-score": 0.9799092676604018, "support": 768.0}, "3": {"precision": 0.6424581005586593, "recall": 0.8582089552238806, "f1-score": 0.7348242811501597, "support": 134.0}, "4": {"precision": 0.8975409836065574, "recall": 0.9605263157894737, "f1-score": 0.9279661016949152, "support": 228.0}, "micro avg": {"precision": 0.9122609673790776, "recall": 0.9712574850299401, "f1-score": 0.9408352668213457, "support": 2505.0}, "macro avg": {"precision": 0.8454713990755718, "recall": 0.9422772553700671, "f1-score": 0.8890633710685142, "support": 2505.0}, "weighted avg": {"precision": 0.9187187747315463, "recall": 0.9712574850299401, "f1-score": 0.9432624795725632, "support": 2505.0}, "samples avg": {"precision": 0.9300904392764857, "recall": 0.9763695090439276, "f1-score": 0.9354165128583731, "support": 2505.0}}