{"0": {"precision": 0.7905982905982906, "recall": 0.9024390243902439, "f1-score": 0.8428246013667426, "support": 205.0}, "1": {"precision": 0.9455445544554455, "recall": 0.9794871794871794, "f1-score": 0.9622166246851386, "support": 1170.0}, "2": {"precision": 0.9755154639175257, "recall": 0.9856770833333334, "f1-score": 0.9805699481865285, "support": 768.0}, "3": {"precision": 0.69375, "recall": 0.8283582089552238, "f1-score": 0.7551020408163265, "support": 134.0}, "4": {"precision": 0.9298245614035088, "recall": 0.9298245614035088, "f1-score": 0.9298245614035088, "support": 228.0}, "micro avg": {"precision": 0.9237547892720307, "recall": 0.9624750499001996, "f1-score": 0.9427174975562073, "support": 2505.0}, "macro avg": {"precision": 0.8670465740749542, "recall": 0.9251572115138978, "f1-score": 0.8941075552916489, "support": 2505.0}, "weighted avg": {"precision": 0.9271529559178366, "recall": 0.9624750499001996, "f1-score": 0.9440454642069607, "support": 2505.0}, "samples avg": {"precision": 0.9371188630490955, "recall": 0.9677906976744186, "f1-score": 0.9347071490094747, "support": 2505.0}}