{"0": {"precision": 0.8446601941747572, "recall": 0.848780487804878, "f1-score": 0.8467153284671532, "support": 205.0}, "1": {"precision": 0.9083850931677019, "recall": 1.0, "f1-score": 0.951993490642799, "support": 1170.0}, "2": {"precision": 0.9778933680104032, "recall": 0.9791666666666666, "f1-score": 0.9785296031229668, "support": 768.0}, "3": {"precision": 0.7088607594936709, "recall": 0.417910447761194, "f1-score": 0.5258215962441315, "support": 134.0}, "4": {"precision": 0.9579439252336449, "recall": 0.8991228070175439, "f1-score": 0.9276018099547512, "support": 228.0}, "micro avg": {"precision": 0.9221439749608764, "recall": 0.9409181636726547, "f1-score": 0.9314364750049398, "support": 2505.0}, "macro avg": {"precision": 0.8795486680160355, "recall": 0.8289960818500564, "f1-score": 0.8461323656863604, "support": 2505.0}, "weighted avg": {"precision": 0.9183179888899996, "recall": 0.9409181636726547, "f1-score": 0.9264962347914876, "support": 2505.0}, "samples avg": {"precision": 0.9290180878552972, "recall": 0.9587855297157623, "f1-score": 0.9256909068536976, "support": 2505.0}}