{
    "0": {
        "precision": 0.8527918781725888,
        "recall": 0.8195121951219512,
        "f1-score": 0.835820895522388,
        "support": 205.0
    },
    "1": {
        "precision": 0.9265175718849841,
        "recall": 0.9914529914529915,
        "f1-score": 0.9578860445912469,
        "support": 1170.0
    },
    "2": {
        "precision": 0.977979274611399,
        "recall": 0.9830729166666666,
        "f1-score": 0.9805194805194806,
        "support": 768.0
    },
    "3": {
        "precision": 0.6184971098265896,
        "recall": 0.7985074626865671,
        "f1-score": 0.6970684039087948,
        "support": 134.0
    },
    "4": {
        "precision": 0.9282511210762332,
        "recall": 0.9078947368421053,
        "f1-score": 0.917960088691796,
        "support": 228.0
    },
    "micro avg": {
        "precision": 0.9159342758884219,
        "recall": 0.9568862275449102,
        "f1-score": 0.9359625146427177,
        "support": 2505.0
    },
    "macro avg": {
        "precision": 0.860807391114359,
        "recall": 0.9000880605540562,
        "f1-score": 0.8778509826467413,
        "support": 2505.0
    },
    "weighted avg": {
        "precision": 0.9199424532353335,
        "recall": 0.9568862275449102,
        "f1-score": 0.9372498934683903,
        "support": 2505.0
    },
    "samples avg": {
        "precision": 0.9286046511627908,
        "recall": 0.9677777777777778,
        "f1-score": 0.9304681924449367,
        "support": 2505.0
    }
}