{"0": {"precision": 0.7932489451476793, "recall": 0.9170731707317074, "f1-score": 0.8506787330316742, "support": 205.0}, "1": {"precision": 0.9449465899753492, "recall": 0.9829059829059829, "f1-score": 0.9635525764558023, "support": 1170.0}, "2": {"precision": 0.9792477302204928, "recall": 0.9830729166666666, "f1-score": 0.9811565951916829, "support": 768.0}, "3": {"precision": 0.6569767441860465, "recall": 0.8432835820895522, "f1-score": 0.738562091503268, "support": 134.0}, "4": {"precision": 0.8685258964143426, "recall": 0.956140350877193, "f1-score": 0.9102296450939458, "support": 228.0}, "micro avg": {"precision": 0.9154078549848943, "recall": 0.9676646706586827, "f1-score": 0.9408111779545896, "support": 2505.0}, "macro avg": {"precision": 0.848589181188782, "recall": 0.9364952006542204, "f1-score": 0.8888359282552747, "support": 2505.0}, "weighted avg": {"precision": 0.9206884586583519, "recall": 0.9676646706586827, "f1-score": 0.9428237920857692, "support": 2505.0}, "samples avg": {"precision": 0.9324677002583979, "recall": 0.9721705426356588, "f1-score": 0.9343423157376646, "support": 2505.0}}