{"0": {"precision": 0.8053097345132744, "recall": 0.44390243902439025, "f1-score": 0.5723270440251572, "support": 205.0}, "1": {"precision": 0.9069767441860465, "recall": 1.0, "f1-score": 0.9512195121951219, "support": 1170.0}, "2": {"precision": 0.9725036179450073, "recall": 0.875, "f1-score": 0.9211788896504455, "support": 768.0}, "3": {"precision": 0.65, "recall": 0.09701492537313433, "f1-score": 0.16883116883116883, "support": 134.0}, "4": {"precision": 0.8061224489795918, "recall": 0.6929824561403509, "f1-score": 0.7452830188679245, "support": 228.0}, "micro avg": {"precision": 0.9108225108225109, "recall": 0.8399201596806387, "f1-score": 0.8739356178608515, "support": 2505.0}, "macro avg": {"precision": 0.8281825091247839, "recall": 0.6217799641075751, "f1-score": 0.6717679267139637, "support": 2505.0}, "weighted avg": {"precision": 0.8958203525836359, "recall": 0.8399201596806387, "f1-score": 0.8504060540799423, "support": 2505.0}, "samples avg": {"precision": 0.9212273901808785, "recall": 0.8741602067183462, "f1-score": 0.8713325950535252, "support": 2505.0}}