{
    "0": {
        "precision": 0.8535353535353535,
        "recall": 0.824390243902439,
        "f1-score": 0.8387096774193549,
        "support": 205.0
    },
    "1": {
        "precision": 0.907608695652174,
        "recall": 0.9991452991452991,
        "f1-score": 0.951179820992677,
        "support": 1170.0
    },
    "2": {
        "precision": 0.9790849673202614,
        "recall": 0.9752604166666666,
        "f1-score": 0.9771689497716894,
        "support": 768.0
    },
    "3": {
        "precision": 0.7008547008547008,
        "recall": 0.6119402985074627,
        "f1-score": 0.6533864541832669,
        "support": 134.0
    },
    "4": {
        "precision": 0.8612244897959184,
        "recall": 0.9254385964912281,
        "f1-score": 0.8921775898520085,
        "support": 228.0
    },
    "micro avg": {
        "precision": 0.9108304630692691,
        "recall": 0.9500998003992016,
        "f1-score": 0.9300508010941774,
        "support": 2505.0
    },
    "macro avg": {
        "precision": 0.8604616414316816,
        "recall": 0.8672349709426189,
        "f1-score": 0.8625244984437993,
        "support": 2505.0
    },
    "weighted avg": {
        "precision": 0.9098155249012978,
        "recall": 0.9500998003992016,
        "f1-score": 0.9286434743328833,
        "support": 2505.0
    },
    "samples avg": {
        "precision": 0.923514211886305,
        "recall": 0.963423772609819,
        "f1-score": 0.9247575981296912,
        "support": 2505.0
    }
}