{"0": {"precision": 0.7866108786610879, "recall": 0.9170731707317074, "f1-score": 0.8468468468468469, "support": 205.0}, "1": {"precision": 0.9465020576131687, "recall": 0.9829059829059829, "f1-score": 0.9643605870020965, "support": 1170.0}, "2": {"precision": 0.980544747081712, "recall": 0.984375, "f1-score": 0.9824561403508771, "support": 768.0}, "3": {"precision": 0.6708074534161491, "recall": 0.8059701492537313, "f1-score": 0.7322033898305085, "support": 134.0}, "4": {"precision": 0.9029535864978903, "recall": 0.9385964912280702, "f1-score": 0.9204301075268817, "support": 228.0}, "micro avg": {"precision": 0.9210827296988181, "recall": 0.9644710578842315, "f1-score": 0.9422776911076443, "support": 2505.0}, "macro avg": {"precision": 0.8574837446540016, "recall": 0.9257841588238984, "f1-score": 0.8892594143114423, "support": 2505.0}, "weighted avg": {"precision": 0.92514276238362, "recall": 0.9644710578842315, "f1-score": 0.9438743013728333, "support": 2505.0}, "samples avg": {"precision": 0.9363436692506459, "recall": 0.9706330749354004, "f1-score": 0.936066199089455, "support": 2505.0}}