{"0": {"precision": 0.8, "recall": 0.8975609756097561, "f1-score": 0.8459770114942529, "support": 205.0}, "1": {"precision": 0.9553119730185498, "recall": 0.9683760683760684, "f1-score": 0.9617996604414262, "support": 1170.0}, "2": {"precision": 0.9792746113989638, "recall": 0.984375, "f1-score": 0.9818181818181818, "support": 768.0}, "3": {"precision": 0.6907894736842105, "recall": 0.7835820895522388, "f1-score": 0.7342657342657343, "support": 134.0}, "4": {"precision": 0.9, "recall": 0.9473684210526315, "f1-score": 0.9230769230769231, "support": 228.0}, "micro avg": {"precision": 0.9279069767441861, "recall": 0.9556886227544911, "f1-score": 0.9415929203539823, "support": 2505.0}, "macro avg": {"precision": 0.865075211620345, "recall": 0.916252510918139, "f1-score": 0.8893875022193036, "support": 2505.0}, "weighted avg": {"precision": 0.9307639518801561, "recall": 0.9556886227544911, "f1-score": 0.9427626349550103, "support": 2505.0}, "samples avg": {"precision": 0.9422609819121447, "recall": 0.9610077519379845, "f1-score": 0.933560354374308, "support": 2505.0}}