{
  "0": {
    "precision": 0.855072463768116,
    "recall": 0.6941176470588235,
    "f1-score": 0.7662337662337663,
    "support": 255.0
  },
  "1": {
    "precision": 0.9589322381930184,
    "recall": 0.9852320675105485,
    "f1-score": 0.9719042663891779,
    "support": 474.0
  },
  "2": {
    "precision": 0.9128205128205128,
    "recall": 0.8790123456790123,
    "f1-score": 0.8955974842767296,
    "support": 405.0
  },
  "3": {
    "precision": 0.5263157894736842,
    "recall": 0.055865921787709494,
    "f1-score": 0.10101010101010101,
    "support": 179.0
  },
  "4": {
    "precision": 0.8769230769230769,
    "recall": 0.6514285714285715,
    "f1-score": 0.7475409836065574,
    "support": 175.0
  },
  "micro avg": {
    "precision": 0.9115977291159773,
    "recall": 0.7553763440860215,
    "f1-score": 0.8261668504226387,
    "support": 1488.0
  },
  "macro avg": {
    "precision": 0.8260128162356816,
    "recall": 0.6531313106929331,
    "f1-score": 0.6964573203032665,
    "support": 1488.0
  },
  "weighted avg": {
    "precision": 0.8668963250228467,
    "recall": 0.7553763440860215,
    "f1-score": 0.7847376975820644,
    "support": 1488.0
  },
  "samples avg": {
    "precision": 0.9128666666666666,
    "recall": 0.7755333333333333,
    "f1-score": 0.8113777777777778,
    "support": 1488.0
  }
}
