{"0": {"precision": 0.8380952380952381, "recall": 0.8585365853658536, "f1-score": 0.8481927710843373, "support": 205.0}, "1": {"precision": 0.9224069675376089, "recall": 0.9957264957264957, "f1-score": 0.957665433621044, "support": 1170.0}, "2": {"precision": 0.9828269484808454, "recall": 0.96875, "f1-score": 0.9757377049180328, "support": 768.0}, "3": {"precision": 0.7024793388429752, "recall": 0.6343283582089553, "f1-score": 0.6666666666666666, "support": 134.0}, "4": {"precision": 0.9615384615384616, "recall": 0.8771929824561403, "f1-score": 0.9174311926605505, "support": 228.0}, "micro avg": {"precision": 0.9261430246189918, "recall": 0.9461077844311377, "f1-score": 0.9360189573459715, "support": 2505.0}, "macro avg": {"precision": 0.8814693908990259, "recall": 0.8669068843514889, "f1-score": 0.8731387537901263, "support": 2505.0}, "weighted avg": {"precision": 0.9258282526537097, "recall": 0.9461077844311377, "f1-score": 0.9350188734714167, "support": 2505.0}, "samples avg": {"precision": 0.9330878552971577, "recall": 0.9604780361757106, "f1-score": 0.9298000492186538, "support": 2505.0}}