{
  "0": {
    "precision": 0.8674698795180723,
    "recall": 0.5647058823529412,
    "f1-score": 0.684085510688836,
    "support": 255.0
  },
  "1": {
    "precision": 0.948,
    "recall": 1.0,
    "f1-score": 0.973305954825462,
    "support": 474.0
  },
  "2": {
    "precision": 0.9120603015075377,
    "recall": 0.8962962962962963,
    "f1-score": 0.9041095890410958,
    "support": 405.0
  },
  "3": {
    "precision": 0.4444444444444444,
    "recall": 0.0223463687150838,
    "f1-score": 0.0425531914893617,
    "support": 179.0
  },
  "4": {
    "precision": 0.8859649122807017,
    "recall": 0.5771428571428572,
    "f1-score": 0.698961937716263,
    "support": 175.0
  },
  "micro avg": {
    "precision": 0.9149115417017691,
    "recall": 0.7298387096774194,
    "f1-score": 0.8119626168224299,
    "support": 1488.0
  },
  "macro avg": {
    "precision": 0.8115879075501514,
    "recall": 0.6120982809014357,
    "f1-score": 0.6606032367522037,
    "support": 1488.0
  },
  "weighted avg": {
    "precision": 0.856546140183024,
    "recall": 0.7298387096774194,
    "f1-score": 0.7606778035964433,
    "support": 1488.0
  },
  "samples avg": {
    "precision": 0.9186666666666666,
    "recall": 0.7606333333333332,
    "f1-score": 0.8054253968253969,
    "support": 1488.0
  }
}
