{"0": {"precision": 0.861904761904762, "recall": 0.8829268292682927, "f1-score": 0.8722891566265061, "support": 205.0}, "1": {"precision": 0.9428571428571428, "recall": 0.9871794871794872, "f1-score": 0.964509394572025, "support": 1170.0}, "2": {"precision": 0.9804177545691906, "recall": 0.9778645833333334, "f1-score": 0.9791395045632334, "support": 768.0}, "3": {"precision": 0.6746987951807228, "recall": 0.835820895522388, "f1-score": 0.7466666666666667, "support": 134.0}, "4": {"precision": 0.9141630901287554, "recall": 0.9342105263157895, "f1-score": 0.9240780911062907, "support": 228.0}, "micro avg": {"precision": 0.9276923076923077, "recall": 0.962874251497006, "f1-score": 0.9449559255631733, "support": 2505.0}, "macro avg": {"precision": 0.8748083089281147, "recall": 0.9236004643238582, "f1-score": 0.8973365627069445, "support": 2505.0}, "weighted avg": {"precision": 0.9307916135513153, "recall": 0.962874251497006, "f1-score": 0.9461147889691951, "support": 2505.0}, "samples avg": {"precision": 0.9377390180878553, "recall": 0.969250645994832, "f1-score": 0.9365608465608467, "support": 2505.0}}