{"0": {"precision": 0.8341013824884793, "recall": 0.8829268292682927, "f1-score": 0.8578199052132701, "support": 205.0}, "1": {"precision": 0.9361873990306947, "recall": 0.9905982905982906, "f1-score": 0.9626245847176079, "support": 1170.0}, "2": {"precision": 0.9830065359477124, "recall": 0.9791666666666666, "f1-score": 0.9810828440965427, "support": 768.0}, "3": {"precision": 0.6647727272727273, "recall": 0.8731343283582089, "f1-score": 0.7548387096774194, "support": 134.0}, "4": {"precision": 0.925764192139738, "recall": 0.9298245614035088, "f1-score": 0.9277899343544858, "support": 228.0}, "micro avg": {"precision": 0.9222857142857143, "recall": 0.9664670658682635, "f1-score": 0.9438596491228071, "support": 2505.0}, "macro avg": {"precision": 0.8687664473758703, "recall": 0.9311301352589935, "f1-score": 0.8968311956118653, "support": 2505.0}, "weighted avg": {"precision": 0.9267196970643912, "recall": 0.9664670658682635, "f1-score": 0.9454211421493267, "support": 2505.0}, "samples avg": {"precision": 0.9334496124031009, "recall": 0.9713824289405684, "f1-score": 0.9351605758582503, "support": 2505.0}}