{"0": {"precision": 0.8114035087719298, "recall": 0.9024390243902439, "f1-score": 0.8545034642032333, "support": 205.0}, "1": {"precision": 0.9515455304928989, "recall": 0.9735042735042735, "f1-score": 0.9623996620194338, "support": 1170.0}, "2": {"precision": 0.9780361757105943, "recall": 0.9856770833333334, "f1-score": 0.9818417639429312, "support": 768.0}, "3": {"precision": 0.6790123456790124, "recall": 0.8208955223880597, "f1-score": 0.7432432432432432, "support": 134.0}, "4": {"precision": 0.8861788617886179, "recall": 0.956140350877193, "f1-score": 0.919831223628692, "support": 228.0}, "micro avg": {"precision": 0.9240506329113924, "recall": 0.9616766467065868, "f1-score": 0.9424882629107981, "support": 2505.0}, "macro avg": {"precision": 0.8612352844886108, "recall": 0.9277312508986206, "f1-score": 0.8923638714075066, "support": 2505.0}, "weighted avg": {"precision": 0.9276703424069727, "recall": 0.9616766467065868, "f1-score": 0.9439326958141749, "support": 2505.0}, "samples avg": {"precision": 0.9387726098191215, "recall": 0.96656330749354, "f1-score": 0.9354780361757106, "support": 2505.0}}