{
    "0": {
        "precision": 0.8762376237623762,
        "recall": 0.8634146341463415,
        "f1-score": 0.8697788697788698,
        "support": 205.0
    },
    "1": {
        "precision": 0.9194948697711128,
        "recall": 0.9957264957264957,
        "f1-score": 0.9560935576528519,
        "support": 1170.0
    },
    "2": {
        "precision": 0.9853917662682603,
        "recall": 0.9661458333333334,
        "f1-score": 0.9756738987508218,
        "support": 768.0
    },
    "3": {
        "precision": 0.717391304347826,
        "recall": 0.7388059701492538,
        "f1-score": 0.7279411764705882,
        "support": 134.0
    },
    "4": {
        "precision": 0.9660194174757282,
        "recall": 0.8728070175438597,
        "f1-score": 0.9170506912442397,
        "support": 228.0
    },
    "micro avg": {
        "precision": 0.9282930631332814,
        "recall": 0.9508982035928144,
        "f1-score": 0.9394596726483928,
        "support": 2505.0
    },
    "macro avg": {
        "precision": 0.8929069963250607,
        "recall": 0.8873799901798568,
        "f1-score": 0.8893076387794743,
        "support": 2505.0
    },
    "weighted avg": {
        "precision": 0.9295814167523304,
        "recall": 0.9508982035928144,
        "f1-score": 0.9392747945109307,
        "support": 2505.0
    },
    "samples avg": {
        "precision": 0.9343798449612404,
        "recall": 0.962984496124031,
        "f1-score": 0.9316377507075182,
        "support": 2505.0
    }
}