{
    "0": {
        "precision": 0.817351598173516,
        "recall": 0.8731707317073171,
        "f1-score": 0.8443396226415094,
        "support": 205.0
    },
    "1": {
        "precision": 0.9194948697711128,
        "recall": 0.9957264957264957,
        "f1-score": 0.9560935576528519,
        "support": 1170.0
    },
    "2": {
        "precision": 0.9792746113989638,
        "recall": 0.984375,
        "f1-score": 0.9818181818181818,
        "support": 768.0
    },
    "3": {
        "precision": 0.6776315789473685,
        "recall": 0.7686567164179104,
        "f1-score": 0.7202797202797203,
        "support": 134.0
    },
    "4": {
        "precision": 0.8833333333333333,
        "recall": 0.9298245614035088,
        "f1-score": 0.905982905982906,
        "support": 228.0
    },
    "micro avg": {
        "precision": 0.9113207547169812,
        "recall": 0.9640718562874252,
        "f1-score": 0.9369544131910766,
        "support": 2505.0
    },
    "macro avg": {
        "precision": 0.8554171983248589,
        "recall": 0.9103507010510464,
        "f1-score": 0.8817027976750339,
        "support": 2505.0
    },
    "weighted avg": {
        "precision": 0.913234175006437,
        "recall": 0.9640718562874252,
        "f1-score": 0.9376594945362455,
        "support": 2505.0
    },
    "samples avg": {
        "precision": 0.9244315245478036,
        "recall": 0.9740180878552972,
        "f1-score": 0.9316697428325336,
        "support": 2505.0
    }
}