{"0": {"precision": 0.642023346303502, "recall": 0.8048780487804879, "f1-score": 0.7142857142857143, "support": 205.0}, "1": {"precision": 0.9069767441860465, "recall": 1.0, "f1-score": 0.9512195121951219, "support": 1170.0}, "2": {"precision": 0.9682959048877147, "recall": 0.9544270833333334, "f1-score": 0.9613114754098361, "support": 768.0}, "3": {"precision": 0.8181818181818182, "recall": 0.13432835820895522, "f1-score": 0.23076923076923078, "support": 134.0}, "4": {"precision": 0.9608938547486033, "recall": 0.7543859649122807, "f1-score": 0.8452088452088452, "support": 228.0}, "micro avg": {"precision": 0.9013972055888223, "recall": 0.9013972055888223, "f1-score": 0.9013972055888223, "support": 2505.0}, "macro avg": {"precision": 0.8592743336615369, "recall": 0.7296038910470115, "f1-score": 0.7405589555737497, "support": 2505.0}, "weighted avg": {"precision": 0.9042510954741326, "recall": 0.9013972055888223, "f1-score": 0.8867358512743759, "support": 2505.0}, "samples avg": {"precision": 0.9156847545219636, "recall": 0.9232170542635659, "f1-score": 0.8986624830810878, "support": 2505.0}}