{"0": {"precision": 0.7982832618025751, "recall": 0.9073170731707317, "f1-score": 0.8493150684931506, "support": 205.0}, "1": {"precision": 0.9543918918918919, "recall": 0.9658119658119658, "f1-score": 0.9600679694137638, "support": 1170.0}, "2": {"precision": 0.9818417639429312, "recall": 0.9856770833333334, "f1-score": 0.9837556855100714, "support": 768.0}, "3": {"precision": 0.6855345911949685, "recall": 0.8134328358208955, "f1-score": 0.7440273037542662, "support": 134.0}, "4": {"precision": 0.8966942148760331, "recall": 0.9517543859649122, "f1-score": 0.9234042553191489, "support": 228.0}, "micro avg": {"precision": 0.9266125917342604, "recall": 0.957684630738523, "f1-score": 0.9418924224577935, "support": 2505.0}, "macro avg": {"precision": 0.86334914474168, "recall": 0.9247986688203678, "f1-score": 0.8921140564980801, "support": 2505.0}, "weighted avg": {"precision": 0.9303987916579137, "recall": 0.957684630738523, "f1-score": 0.9433729775021047, "support": 2505.0}, "samples avg": {"precision": 0.9421834625322998, "recall": 0.9615503875968993, "f1-score": 0.9325913621262459, "support": 2505.0}}