{"0": {"precision": 0.8947368421052632, "recall": 0.8292682926829268, "f1-score": 0.8607594936708861, "support": 205.0}, "1": {"precision": 0.94467382328654, "recall": 0.9777777777777777, "f1-score": 0.9609407811843763, "support": 1170.0}, "2": {"precision": 0.9816993464052287, "recall": 0.9778645833333334, "f1-score": 0.9797782126549249, "support": 768.0}, "3": {"precision": 0.6708074534161491, "recall": 0.8059701492537313, "f1-score": 0.7322033898305085, "support": 134.0}, "4": {"precision": 0.9210526315789473, "recall": 0.9210526315789473, "f1-score": 0.9210526315789473, "support": 228.0}, "micro avg": {"precision": 0.9326810176125244, "recall": 0.9512974051896208, "f1-score": 0.941897233201581, "support": 2505.0}, "macro avg": {"precision": 0.8825940193584255, "recall": 0.9023866869253434, "f1-score": 0.8909469017839285, "support": 2505.0}, "weighted avg": {"precision": 0.9351388114466308, "recall": 0.9512974051896208, "f1-score": 0.9426512302373345, "support": 2505.0}, "samples avg": {"precision": 0.9402842377260983, "recall": 0.9597932816537469, "f1-score": 0.9327420942537221, "support": 2505.0}}