{"0": {"precision": 0.8173913043478261, "recall": 0.9170731707317074, "f1-score": 0.864367816091954, "support": 205.0}, "1": {"precision": 0.9428104575163399, "recall": 0.9863247863247864, "f1-score": 0.9640768588137009, "support": 1170.0}, "2": {"precision": 0.9767141009055628, "recall": 0.9830729166666666, "f1-score": 0.9798831927319922, "support": 768.0}, "3": {"precision": 0.6923076923076923, "recall": 0.8059701492537313, "f1-score": 0.7448275862068966, "support": 134.0}, "4": {"precision": 0.8991596638655462, "recall": 0.9385964912280702, "f1-score": 0.9184549356223176, "support": 228.0}, "micro avg": {"precision": 0.9229301793208698, "recall": 0.9656686626746507, "f1-score": 0.943815840811549, "support": 2505.0}, "macro avg": {"precision": 0.8656766437885934, "recall": 0.9262075028409924, "f1-score": 0.8943220778933723, "support": 2505.0}, "weighted avg": {"precision": 0.9255678707830217, "recall": 0.9656686626746507, "f1-score": 0.9448823317375901, "support": 2505.0}, "samples avg": {"precision": 0.9337855297157623, "recall": 0.9714470284237725, "f1-score": 0.9356958287190847, "support": 2505.0}}