{"0": {"precision": 0.8060344827586207, "recall": 0.9121951219512195, "f1-score": 0.8558352402745996, "support": 205.0}, "1": {"precision": 0.9418509418509419, "recall": 0.9829059829059829, "f1-score": 0.9619406106231703, "support": 1170.0}, "2": {"precision": 0.980544747081712, "recall": 0.984375, "f1-score": 0.9824561403508771, "support": 768.0}, "3": {"precision": 0.6727272727272727, "recall": 0.8283582089552238, "f1-score": 0.7424749163879598, "support": 134.0}, "4": {"precision": 0.8925619834710744, "recall": 0.9473684210526315, "f1-score": 0.9191489361702128, "support": 228.0}, "micro avg": {"precision": 0.919802356518434, "recall": 0.9660678642714571, "f1-score": 0.942367601246106, "support": 2505.0}, "macro avg": {"precision": 0.8587438855779244, "recall": 0.9310405469730115, "f1-score": 0.892371168761364, "support": 2505.0}, "weighted avg": {"precision": 0.9237168157551829, "recall": 0.9660678642714571, "f1-score": 0.9439124354162358, "support": 2505.0}, "samples avg": {"precision": 0.9349354005167958, "recall": 0.9707622739018088, "f1-score": 0.9345471883843977, "support": 2505.0}}