{"0": {"precision": 0.7957446808510639, "recall": 0.9121951219512195, "f1-score": 0.85, "support": 205.0}, "1": {"precision": 0.9543918918918919, "recall": 0.9658119658119658, "f1-score": 0.9600679694137638, "support": 1170.0}, "2": {"precision": 0.9830949284785435, "recall": 0.984375, "f1-score": 0.9837345478204295, "support": 768.0}, "3": {"precision": 0.6625766871165644, "recall": 0.8059701492537313, "f1-score": 0.7272727272727273, "support": 134.0}, "4": {"precision": 0.876, "recall": 0.9605263157894737, "f1-score": 0.9163179916317992, "support": 228.0}, "micro avg": {"precision": 0.922722029988466, "recall": 0.9580838323353293, "f1-score": 0.9400705052878966, "support": 2505.0}, "macro avg": {"precision": 0.8543616376676126, "recall": 0.925775710561278, "f1-score": 0.8874786472277438, "support": 2505.0}, "weighted avg": {"precision": 0.9274636144643205, "recall": 0.9580838323353293, "f1-score": 0.9418813191564028, "support": 2505.0}, "samples avg": {"precision": 0.9394961240310078, "recall": 0.9619767441860464, "f1-score": 0.931389811738649, "support": 2505.0}}