{
    "0": {
        "precision": 0.8928571428571429,
        "recall": 0.8536585365853658,
        "f1-score": 0.8728179551122195,
        "support": 205.0
    },
    "1": {
        "precision": 0.9428571428571428,
        "recall": 0.9871794871794872,
        "f1-score": 0.964509394572025,
        "support": 1170.0
    },
    "2": {
        "precision": 0.9792207792207792,
        "recall": 0.9817708333333334,
        "f1-score": 0.9804941482444733,
        "support": 768.0
    },
    "3": {
        "precision": 0.6729559748427673,
        "recall": 0.7985074626865671,
        "f1-score": 0.7303754266211604,
        "support": 134.0
    },
    "4": {
        "precision": 0.9490740740740741,
        "recall": 0.8991228070175439,
        "f1-score": 0.9234234234234234,
        "support": 228.0
    },
    "micro avg": {
        "precision": 0.9337490257209665,
        "recall": 0.9564870259481038,
        "f1-score": 0.9449812660224808,
        "support": 2505.0
    },
    "macro avg": {
        "precision": 0.8873930227703812,
        "recall": 0.9040478253604596,
        "f1-score": 0.8943240695946603,
        "support": 2505.0
    },
    "weighted avg": {
        "precision": 0.9360419638275246,
        "recall": 0.9564870259481038,
        "f1-score": 0.9456423257512196,
        "support": 2505.0
    },
    "samples avg": {
        "precision": 0.9417700258397932,
        "recall": 0.964328165374677,
        "f1-score": 0.9366057585825027,
        "support": 2505.0
    }
}