{"0": {"precision": 0.7907949790794979, "recall": 0.9219512195121952, "f1-score": 0.8513513513513513, "support": 205.0}, "1": {"precision": 0.9564853556485355, "recall": 0.9769230769230769, "f1-score": 0.9665961945031712, "support": 1170.0}, "2": {"precision": 0.98046875, "recall": 0.98046875, "f1-score": 0.98046875, "support": 768.0}, "3": {"precision": 0.6473988439306358, "recall": 0.835820895522388, "f1-score": 0.7296416938110749, "support": 134.0}, "4": {"precision": 0.8861788617886179, "recall": 0.956140350877193, "f1-score": 0.919831223628692, "support": 228.0}, "micro avg": {"precision": 0.9214040442579168, "recall": 0.9640718562874252, "f1-score": 0.9422551697229808, "support": 2505.0}, "macro avg": {"precision": 0.8522653580894575, "recall": 0.9342608585669705, "f1-score": 0.889577842658858, "support": 2505.0}, "weighted avg": {"precision": 0.9273457334908557, "recall": 0.9640718562874252, "f1-score": 0.944486259702101, "support": 2505.0}, "samples avg": {"precision": 0.9394961240310078, "recall": 0.9685917312661497, "f1-score": 0.9370204257413559, "support": 2505.0}}