{"0": {"precision": 0.7661290322580645, "recall": 0.926829268292683, "f1-score": 0.8388520971302428, "support": 205.0}, "1": {"precision": 0.9541284403669725, "recall": 0.9777777777777777, "f1-score": 0.9658083579569439, "support": 1170.0}, "2": {"precision": 0.9792746113989638, "recall": 0.984375, "f1-score": 0.9818181818181818, "support": 768.0}, "3": {"precision": 0.6568047337278107, "recall": 0.8283582089552238, "f1-score": 0.7326732673267327, "support": 134.0}, "4": {"precision": 0.8467432950191571, "recall": 0.9692982456140351, "f1-score": 0.9038854805725971, "support": 228.0}, "micro avg": {"precision": 0.9143072857682144, "recall": 0.9668662674650699, "f1-score": 0.9398525417151726, "support": 2505.0}, "macro avg": {"precision": 0.8406160225541937, "recall": 0.9373277001279441, "f1-score": 0.8846074769609398, "support": 2505.0}, "weighted avg": {"precision": 0.9207740255411416, "recall": 0.9668662674650699, "f1-score": 0.942219932035937, "support": 2505.0}, "samples avg": {"precision": 0.9332558139534884, "recall": 0.9715503875968992, "f1-score": 0.9349280177187155, "support": 2505.0}}