{"0": {"precision": 0.8701923076923077, "recall": 0.8829268292682927, "f1-score": 0.8765133171912833, "support": 205.0}, "1": {"precision": 0.9550847457627119, "recall": 0.9632478632478633, "f1-score": 0.9591489361702128, "support": 1170.0}, "2": {"precision": 0.9805194805194806, "recall": 0.9830729166666666, "f1-score": 0.9817945383615084, "support": 768.0}, "3": {"precision": 0.6626506024096386, "recall": 0.8208955223880597, "f1-score": 0.7333333333333333, "support": 134.0}, "4": {"precision": 0.9148936170212766, "recall": 0.9429824561403509, "f1-score": 0.9287257019438445, "support": 228.0}, "micro avg": {"precision": 0.9331770222743259, "recall": 0.9532934131736527, "f1-score": 0.943127962085308, "support": 2505.0}, "macro avg": {"precision": 0.8766681506810832, "recall": 0.9186251175422466, "f1-score": 0.8959031654000364, "support": 2505.0}, "weighted avg": {"precision": 0.9366341165916166, "recall": 0.9532934131736527, "f1-score": 0.9444805658741972, "support": 2505.0}, "samples avg": {"precision": 0.9443023255813954, "recall": 0.9594444444444445, "f1-score": 0.9359136212624587, "support": 2505.0}}