{"0": {"precision": 0.8245614035087719, "recall": 0.9170731707317074, "f1-score": 0.8683602771362586, "support": 205.0}, "1": {"precision": 0.9548872180451128, "recall": 0.9769230769230769, "f1-score": 0.9657794676806084, "support": 1170.0}, "2": {"precision": 0.9792477302204928, "recall": 0.9830729166666666, "f1-score": 0.9811565951916829, "support": 768.0}, "3": {"precision": 0.689873417721519, "recall": 0.8134328358208955, "f1-score": 0.7465753424657534, "support": 134.0}, "4": {"precision": 0.876, "recall": 0.9605263157894737, "f1-score": 0.9163179916317992, "support": 228.0}, "micro avg": {"precision": 0.9270353302611367, "recall": 0.9636726546906188, "f1-score": 0.9449990213348992, "support": 2505.0}, "macro avg": {"precision": 0.8649139538991794, "recall": 0.9302056631863639, "f1-score": 0.8956379348212206, "support": 2505.0}, "weighted avg": {"precision": 0.930333903239961, "recall": 0.9636726546906188, "f1-score": 0.946293691452662, "support": 2505.0}, "samples avg": {"precision": 0.9431782945736434, "recall": 0.969108527131783, "f1-score": 0.9394327550141505, "support": 2505.0}}