{"AMBIENCE,None": {"precision": 0.9779482262703739, "recall": 0.9550561797752809, "f1-score": 0.9663666508763619, "support": 1068.0}, "AMBIENCE,negative": {"precision": 0.6428571428571429, "recall": 0.5454545454545454, "f1-score": 0.5901639344262295, "support": 33.0}, "AMBIENCE,neutral": {"precision": 0.25, "recall": 0.43478260869565216, "f1-score": 0.31746031746031744, "support": 23.0}, "AMBIENCE,positive": {"precision": 0.7530864197530864, "recall": 0.8187919463087249, "f1-score": 0.7845659163987139, "support": 149.0}, "LOCATION,None": {"precision": 0.970216606498195, "recall": 0.9438103599648815, "f1-score": 0.9568313306631063, "support": 1139.0}, "LOCATION,negative": {"precision": 0.35294117647058826, "recall": 0.8571428571428571, "f1-score": 0.5, "support": 7.0}, "LOCATION,neutral": {"precision": 0.5714285714285714, "recall": 0.5048543689320388, "f1-score": 0.5360824742268041, "support": 103.0}, "LOCATION,positive": {"precision": 0.22807017543859648, "recall": 0.5416666666666666, "f1-score": 0.32098765432098764, "support": 24.0}, "PRICES,None": {"precision": 0.9742574257425742, "recall": 0.9742574257425742, "f1-score": 0.9742574257425742, "support": 505.0}, "PRICES,negative": {"precision": 0.6956521739130435, "recall": 0.64, "f1-score": 0.6666666666666666, "support": 50.0}, "PRICES,neutral": {"precision": 0.8, "recall": 0.7564102564102564, "f1-score": 0.7775947281713345, "support": 312.0}, "PRICES,positive": {"precision": 0.8266978922716628, "recall": 0.8694581280788177, "f1-score": 0.8475390156062425, "support": 406.0}, "QUALITY,None": {"precision": 0.6981132075471698, "recall": 0.3592233009708738, "f1-score": 0.47435897435897434, "support": 103.0}, "QUALITY,negative": {"precision": 0.4166666666666667, "recall": 0.17857142857142858, "f1-score": 0.25, "support": 28.0}, "QUALITY,neutral": {"precision": 0.4536082474226804, "recall": 0.4444444444444444, "f1-score": 0.4489795918367347, "support": 99.0}, "QUALITY,positive": {"precision": 0.8892889288928892, "recall": 0.947267497603068, "f1-score": 0.9173630454967502, "support": 1043.0}, "SERVICE,None": {"precision": 0.98539435248296, "recall": 0.968421052631579, "f1-score": 0.9768339768339769, "support": 1045.0}, "SERVICE,negative": {"precision": 0.7391304347826086, "recall": 0.5862068965517241, "f1-score": 0.6538461538461539, "support": 29.0}, "SERVICE,neutral": {"precision": 0.36363636363636365, "recall": 0.5333333333333333, "f1-score": 0.43243243243243246, "support": 15.0}, "SERVICE,positive": {"precision": 0.8606965174129353, "recall": 0.9402173913043478, "f1-score": 0.8987012987012987, "support": 184.0}, "accuracy": 0.8975648075412411, "macro avg": {"precision": 0.6724845264744054, "recall": 0.6899685344291547, "f1-score": 0.6645515794032829, "support": 6365.0}, "weighted avg": {"precision": 0.901575087661065, "recall": 0.8975648075412411, "f1-score": 0.8975286559237665, "support": 6365.0}, "static_polor_test": {"AMBIENCE,None": 1068, "AMBIENCE,negative": 33, "AMBIENCE,neutral": 23, "AMBIENCE,positive": 149, "LOCATION,None": 1139, "LOCATION,negative": 7, "LOCATION,neutral": 103, "LOCATION,positive": 24, "PRICES,None": 505, "PRICES,negative": 50, "PRICES,neutral": 312, "PRICES,positive": 406, "QUALITY,None": 103, "QUALITY,negative": 28, "QUALITY,neutral": 99, "QUALITY,positive": 1043, "SERVICE,None": 1045, "SERVICE,negative": 29, "SERVICE,neutral": 15, "SERVICE,positive": 184}, "static_polar_pred": {"AMBIENCE,None": 1043, "AMBIENCE,negative": 28, "AMBIENCE,neutral": 40, "AMBIENCE,positive": 162, "LOCATION,None": 1108, "LOCATION,negative": 17, "LOCATION,neutral": 91, "LOCATION,positive": 57, "PRICES,None": 505, "PRICES,negative": 46, "PRICES,neutral": 295, "PRICES,positive": 427, "QUALITY,None": 53, "QUALITY,negative": 12, "QUALITY,neutral": 97, "QUALITY,positive": 1111, "SERVICE,None": 1027, "SERVICE,negative": 23, "SERVICE,neutral": 22, "SERVICE,positive": 201}}