{"AMBIENCE,None": {"precision": 0.8362068965517241, "recall": 0.8998144712430427, "f1-score": 0.8668453976764968, "support": 2156.0}, "AMBIENCE,negative": {"precision": 1.0, "recall": 0.0, "f1-score": 0.0, "support": 92.0}, "AMBIENCE,neutral": {"precision": 1.0, "recall": 0.0, "f1-score": 0.0, "support": 132.0}, "AMBIENCE,positive": {"precision": 0.462478184991274, "recall": 0.5165692007797271, "f1-score": 0.4880294659300184, "support": 513.0}, "LOCATION,None": {"precision": 0.8710680954026961, "recall": 1.0, "f1-score": 0.9310918159985221, "support": 2520.0}, "LOCATION,negative": {"precision": 1.0, "recall": 0.0, "f1-score": 0.0, "support": 72.0}, "LOCATION,neutral": {"precision": 1.0, "recall": 0.0, "f1-score": 0.0, "support": 168.0}, "LOCATION,positive": {"precision": 1.0, "recall": 0.0, "f1-score": 0.0, "support": 133.0}, "PRICES,None": {"precision": 0.8131176999101527, "recall": 0.7263242375601926, "f1-score": 0.7672742687579482, "support": 1246.0}, "PRICES,negative": {"precision": 1.0, "recall": 0.0, "f1-score": 0.0, "support": 160.0}, "PRICES,neutral": {"precision": 0.29526462395543174, "recall": 0.17405582922824303, "f1-score": 0.2190082644628099, "support": 609.0}, "PRICES,positive": {"precision": 0.43349753694581283, "recall": 0.7015945330296127, "f1-score": 0.5358851674641149, "support": 878.0}, "QUALITY,None": {"precision": 1.0, "recall": 0.0, "f1-score": 0.0, "support": 209.0}, "QUALITY,negative": {"precision": 1.0, "recall": 0.0, "f1-score": 0.0, "support": 58.0}, "QUALITY,neutral": {"precision": 1.0, "recall": 0.0, "f1-score": 0.0, "support": 283.0}, "QUALITY,positive": {"precision": 0.8098859315589354, "recall": 1.0, "f1-score": 0.8949579831932774, "support": 2343.0}, "SERVICE,None": {"precision": 0.9185667752442996, "recall": 0.9408960915157293, "f1-score": 0.9295973628443607, "support": 2098.0}, "SERVICE,negative": {"precision": 1.0, "recall": 0.0, "f1-score": 0.0, "support": 110.0}, "SERVICE,neutral": {"precision": 1.0, "recall": 0.0, "f1-score": 0.0, "support": 77.0}, "SERVICE,positive": {"precision": 0.6518817204301075, "recall": 0.7976973684210527, "f1-score": 0.7174556213017751, "support": 608.0}, "accuracy": 0.7711026615969582, "macro avg": {"precision": 0.8545983732495218, "recall": 0.33784758658888003, "f1-score": 0.3175072673814662, "support": 14465.0}, "weighted avg": {"precision": 0.7966703452418112, "recall": 0.7711026615969582, "f1-score": 0.7265074979822639, "support": 14465.0}}