{"AMBIENCE,None": {"precision": 0.9781835428029405, "recall": 0.9894459102902374, "f1-score": 0.9837824946339137, "support": 4169.0}, "AMBIENCE,negative": {"precision": 0.8450413223140496, "recall": 0.8702127659574468, "f1-score": 0.8574423480083857, "support": 470.0}, "AMBIENCE,neutral": {"precision": 0.735632183908046, "recall": 0.41830065359477125, "f1-score": 0.5333333333333333, "support": 153.0}, "AMBIENCE,positive": {"precision": 0.9159763313609467, "recall": 0.920332936979786, "f1-score": 0.9181494661921709, "support": 841.0}, "LOCATION,None": {"precision": 0.9841887618584286, "recall": 0.9906953966699314, "f1-score": 0.987431360585723, "support": 4084.0}, "LOCATION,negative": {"precision": 0.7802690582959642, "recall": 0.7767857142857143, "f1-score": 0.7785234899328859, "support": 224.0}, "LOCATION,neutral": {"precision": 0.7848837209302325, "recall": 0.6164383561643836, "f1-score": 0.690537084398977, "support": 219.0}, "LOCATION,positive": {"precision": 0.9316770186335404, "recall": 0.9493670886075949, "f1-score": 0.9404388714733543, "support": 1106.0}, "PRICES,None": {"precision": 0.9816770186335404, "recall": 0.9878125, "f1-score": 0.9847352024922118, "support": 3200.0}, "PRICES,negative": {"precision": 0.8666666666666667, "recall": 0.8328690807799443, "f1-score": 0.8494318181818182, "support": 359.0}, "PRICES,neutral": {"precision": 0.8661538461538462, "recall": 0.8894154818325435, "f1-score": 0.877630553390491, "support": 633.0}, "PRICES,positive": {"precision": 0.9506346967559943, "recall": 0.9354614850798056, "f1-score": 0.9429870584120322, "support": 1441.0}, "QUALITY,None": {"precision": 0.8759342301943199, "recall": 0.8746268656716418, "f1-score": 0.8752800597460791, "support": 1340.0}, "QUALITY,negative": {"precision": 0.7537593984962406, "recall": 0.7741312741312741, "f1-score": 0.7638095238095238, "support": 518.0}, "QUALITY,neutral": {"precision": 0.7533039647577092, "recall": 0.5104477611940299, "f1-score": 0.608540925266904, "support": 335.0}, "QUALITY,positive": {"precision": 0.9391968325791855, "recall": 0.9654069767441861, "f1-score": 0.9521215596330275, "support": 3440.0}, "SERVICE,None": {"precision": 0.9832775919732442, "recall": 0.9885675857431069, "f1-score": 0.9859154929577465, "support": 2974.0}, "SERVICE,negative": {"precision": 0.8192090395480226, "recall": 0.8579881656804734, "f1-score": 0.838150289017341, "support": 338.0}, "SERVICE,neutral": {"precision": 0.7567567567567568, "recall": 0.48554913294797686, "f1-score": 0.5915492957746479, "support": 173.0}, "SERVICE,positive": {"precision": 0.9710743801652892, "recall": 0.9846368715083799, "f1-score": 0.9778085991678225, "support": 2148.0}, "accuracy": 0.9459257944257057, "macro avg": {"precision": 0.8736748181392482, "recall": 0.8309246001931612, "f1-score": 0.8468799413204195, "support": 28165.0}, "weighted avg": {"precision": 0.944101394155328, "recall": 0.9459257944257057, "f1-score": 0.9441793822141447, "support": 28165.0}, "static_polor_test": {"AMBIENCE,None": 4169, "AMBIENCE,negative": 470, "AMBIENCE,neutral": 153, "AMBIENCE,positive": 841, "LOCATION,None": 4084, "LOCATION,negative": 224, "LOCATION,neutral": 219, "LOCATION,positive": 1106, "PRICES,None": 3200, "PRICES,negative": 359, "PRICES,neutral": 633, "PRICES,positive": 1441, "QUALITY,None": 1340, "QUALITY,negative": 518, "QUALITY,neutral": 335, "QUALITY,positive": 3440, "SERVICE,None": 2974, "SERVICE,negative": 338, "SERVICE,neutral": 173, "SERVICE,positive": 2148}, "static_polar_pred": {"AMBIENCE,None": 4217, "AMBIENCE,negative": 484, "AMBIENCE,neutral": 87, "AMBIENCE,positive": 845, "LOCATION,None": 4111, "LOCATION,negative": 223, "LOCATION,neutral": 172, "LOCATION,positive": 1127, "PRICES,None": 3220, "PRICES,negative": 345, "PRICES,neutral": 650, "PRICES,positive": 1418, "QUALITY,None": 1338, "QUALITY,negative": 532, "QUALITY,neutral": 227, "QUALITY,positive": 3536, "SERVICE,None": 2990, "SERVICE,negative": 354, "SERVICE,neutral": 111, "SERVICE,positive": 2178}}