{"AMBIENCE,None": {"precision": 0.9840779467680608, "recall": 0.9932837610937875, "f1-score": 0.9886594246150173, "support": 4169.0}, "AMBIENCE,negative": {"precision": 0.8709677419354839, "recall": 0.9191489361702128, "f1-score": 0.8944099378881988, "support": 470.0}, "AMBIENCE,neutral": {"precision": 0.7948717948717948, "recall": 0.40522875816993464, "f1-score": 0.5367965367965368, "support": 153.0}, "AMBIENCE,positive": {"precision": 0.9435957696827262, "recall": 0.9548156956004756, "f1-score": 0.9491725768321513, "support": 841.0}, "LOCATION,None": {"precision": 0.9888077858880778, "recall": 0.9951028403525954, "f1-score": 0.9919453258481816, "support": 4084.0}, "LOCATION,negative": {"precision": 0.8143459915611815, "recall": 0.8616071428571429, "f1-score": 0.8373101952277657, "support": 224.0}, "LOCATION,neutral": {"precision": 0.877906976744186, "recall": 0.6894977168949772, "f1-score": 0.7723785166240409, "support": 219.0}, "LOCATION,positive": {"precision": 0.9640933572710951, "recall": 0.9710669077757685, "f1-score": 0.9675675675675676, "support": 1106.0}, "PRICES,None": {"precision": 0.9885021752641392, "recall": 0.9940625, "f1-score": 0.9912745403552509, "support": 3200.0}, "PRICES,negative": {"precision": 0.9508670520231214, "recall": 0.9164345403899722, "f1-score": 0.9333333333333333, "support": 359.0}, "PRICES,neutral": {"precision": 0.943217665615142, "recall": 0.9447077409162717, "f1-score": 0.9439621152328335, "support": 633.0}, "PRICES,positive": {"precision": 0.9721254355400697, "recall": 0.9680777238029147, "f1-score": 0.9700973574408901, "support": 1441.0}, "QUALITY,None": {"precision": 0.9439941046425939, "recall": 0.9559701492537314, "f1-score": 0.949944382647386, "support": 1340.0}, "QUALITY,negative": {"precision": 0.8888888888888888, "recall": 0.8494208494208494, "f1-score": 0.8687068114511353, "support": 518.0}, "QUALITY,neutral": {"precision": 0.875, "recall": 0.7522388059701492, "f1-score": 0.8089887640449438, "support": 335.0}, "QUALITY,positive": {"precision": 0.969939879759519, "recall": 0.9848837209302326, "f1-score": 0.9773546805134862, "support": 3440.0}, "SERVICE,None": {"precision": 0.9830677290836654, "recall": 0.9956287827841291, "f1-score": 0.9893083862345473, "support": 2974.0}, "SERVICE,negative": {"precision": 0.8703170028818443, "recall": 0.893491124260355, "f1-score": 0.8817518248175182, "support": 338.0}, "SERVICE,neutral": {"precision": 0.8611111111111112, "recall": 0.5375722543352601, "f1-score": 0.6619217081850534, "support": 173.0}, "SERVICE,positive": {"precision": 0.9764542936288089, "recall": 0.9846368715083799, "f1-score": 0.980528511821975, "support": 2148.0}, "accuracy": 0.9676903958814131, "macro avg": {"precision": 0.9231076351580756, "recall": 0.8783438411243569, "f1-score": 0.8947706248738909, "support": 28165.0}, "weighted avg": {"precision": 0.9667384243970505, "recall": 0.9676903958814131, "f1-score": 0.9664460869808928, "support": 28165.0}, "static_polor_test": {"AMBIENCE,None": 4169, "AMBIENCE,negative": 470, "AMBIENCE,neutral": 153, "AMBIENCE,positive": 841, "LOCATION,None": 4084, "LOCATION,negative": 224, "LOCATION,neutral": 219, "LOCATION,positive": 1106, "PRICES,None": 3200, "PRICES,negative": 359, "PRICES,neutral": 633, "PRICES,positive": 1441, "QUALITY,None": 1340, "QUALITY,negative": 518, "QUALITY,neutral": 335, "QUALITY,positive": 3440, "SERVICE,None": 2974, "SERVICE,negative": 338, "SERVICE,neutral": 173, "SERVICE,positive": 2148}, "static_polar_pred": {"AMBIENCE,None": 4208, "AMBIENCE,negative": 496, "AMBIENCE,neutral": 78, "AMBIENCE,positive": 851, "LOCATION,None": 4110, "LOCATION,negative": 237, "LOCATION,neutral": 172, "LOCATION,positive": 1114, "PRICES,None": 3218, "PRICES,negative": 346, "PRICES,neutral": 634, "PRICES,positive": 1435, "QUALITY,None": 1357, "QUALITY,negative": 495, "QUALITY,neutral": 288, "QUALITY,positive": 3493, "SERVICE,None": 3012, "SERVICE,negative": 347, "SERVICE,neutral": 108, "SERVICE,positive": 2166}}