{"AMBIENCE,None": {"precision": 0.9477996254681648, "recall": 0.9712161189733749, "f1-score": 0.9593650041464281, "support": 4169.0}, "AMBIENCE,negative": {"precision": 0.7662921348314606, "recall": 0.725531914893617, "f1-score": 0.7453551912568306, "support": 470.0}, "AMBIENCE,neutral": {"precision": 0.44680851063829785, "recall": 0.13725490196078433, "f1-score": 0.21, "support": 153.0}, "AMBIENCE,positive": {"precision": 0.8055235903337169, "recall": 0.8323424494649228, "f1-score": 0.8187134502923976, "support": 841.0}, "LOCATION,None": {"precision": 0.9687196896217265, "recall": 0.97820763956905, "f1-score": 0.9734405458089669, "support": 4084.0}, "LOCATION,negative": {"precision": 0.7054794520547946, "recall": 0.45982142857142855, "f1-score": 0.5567567567567567, "support": 224.0}, "LOCATION,neutral": {"precision": 0.6094674556213018, "recall": 0.4703196347031963, "f1-score": 0.5309278350515464, "support": 219.0}, "LOCATION,positive": {"precision": 0.8450586264656617, "recall": 0.9122965641952984, "f1-score": 0.8773913043478261, "support": 1106.0}, "PRICES,None": {"precision": 0.9649446494464945, "recall": 0.980625, "f1-score": 0.9727216367017979, "support": 3200.0}, "PRICES,negative": {"precision": 0.7570977917981072, "recall": 0.6685236768802229, "f1-score": 0.7100591715976331, "support": 359.0}, "PRICES,neutral": {"precision": 0.7518573551263001, "recall": 0.7993680884676145, "f1-score": 0.774885145482389, "support": 633.0}, "PRICES,positive": {"precision": 0.9065420560747663, "recall": 0.8750867453157529, "f1-score": 0.8905367231638418, "support": 1441.0}, "QUALITY,None": {"precision": 0.7823795180722891, "recall": 0.7753731343283582, "f1-score": 0.7788605697151424, "support": 1340.0}, "QUALITY,negative": {"precision": 0.614, "recall": 0.5926640926640927, "f1-score": 0.6031434184675835, "support": 518.0}, "QUALITY,neutral": {"precision": 0.5454545454545454, "recall": 0.19701492537313434, "f1-score": 0.2894736842105263, "support": 335.0}, "QUALITY,positive": {"precision": 0.8762214983713354, "recall": 0.9383720930232559, "f1-score": 0.9062324536777091, "support": 3440.0}, "SERVICE,None": {"precision": 0.9662027833001988, "recall": 0.980497646267653, "f1-score": 0.9732977303070761, "support": 2974.0}, "SERVICE,negative": {"precision": 0.7245989304812834, "recall": 0.8017751479289941, "f1-score": 0.7612359550561798, "support": 338.0}, "SERVICE,neutral": {"precision": 0.5263157894736842, "recall": 0.11560693641618497, "f1-score": 0.1895734597156398, "support": 173.0}, "SERVICE,positive": {"precision": 0.9428052655469814, "recall": 0.9669459962756052, "f1-score": 0.9547230521719146, "support": 2148.0}, "accuracy": 0.9014734599680454, "macro avg": {"precision": 0.7726784634090557, "recall": 0.7089422067636271, "f1-score": 0.7238346543964093, "support": 28165.0}, "weighted avg": {"precision": 0.8940021743408211, "recall": 0.9014734599680454, "f1-score": 0.894898556242102, "support": 28165.0}, "static_polor_test": {"AMBIENCE,None": 4169, "AMBIENCE,negative": 470, "AMBIENCE,neutral": 153, "AMBIENCE,positive": 841, "LOCATION,None": 4084, "LOCATION,negative": 224, "LOCATION,neutral": 219, "LOCATION,positive": 1106, "PRICES,None": 3200, "PRICES,negative": 359, "PRICES,neutral": 633, "PRICES,positive": 1441, "QUALITY,None": 1340, "QUALITY,negative": 518, "QUALITY,neutral": 335, "QUALITY,positive": 3440, "SERVICE,None": 2974, "SERVICE,negative": 338, "SERVICE,neutral": 173, "SERVICE,positive": 2148}, "static_polar_pred": {"AMBIENCE,None": 4272, "AMBIENCE,negative": 445, "AMBIENCE,neutral": 47, "AMBIENCE,positive": 869, "LOCATION,None": 4124, "LOCATION,negative": 146, "LOCATION,neutral": 169, "LOCATION,positive": 1194, "PRICES,None": 3252, "PRICES,negative": 317, "PRICES,neutral": 673, "PRICES,positive": 1391, "QUALITY,None": 1328, "QUALITY,negative": 500, "QUALITY,neutral": 121, "QUALITY,positive": 3684, "SERVICE,None": 3018, "SERVICE,negative": 374, "SERVICE,neutral": 38, "SERVICE,positive": 2203}}