{"AMBIENCE,None": {"precision": 0.9773210489014883, "recall": 0.9923242983928999, "f1-score": 0.9847655320161867, "support": 4169.0}, "AMBIENCE,negative": {"precision": 0.8547717842323651, "recall": 0.8765957446808511, "f1-score": 0.865546218487395, "support": 470.0}, "AMBIENCE,neutral": {"precision": 0.6756756756756757, "recall": 0.32679738562091504, "f1-score": 0.44052863436123346, "support": 153.0}, "AMBIENCE,positive": {"precision": 0.9324644549763034, "recall": 0.9357907253269917, "f1-score": 0.9341246290801187, "support": 841.0}, "LOCATION,None": {"precision": 0.9842386032977691, "recall": 0.9938785504407444, "f1-score": 0.9890350877192983, "support": 4084.0}, "LOCATION,negative": {"precision": 0.8026315789473685, "recall": 0.8169642857142857, "f1-score": 0.8097345132743363, "support": 224.0}, "LOCATION,neutral": {"precision": 0.8536585365853658, "recall": 0.639269406392694, "f1-score": 0.7310704960835509, "support": 219.0}, "LOCATION,positive": {"precision": 0.946284691136974, "recall": 0.9556962025316456, "f1-score": 0.9509671614934773, "support": 1106.0}, "PRICES,None": {"precision": 0.983560794044665, "recall": 0.9909375, "f1-score": 0.9872353673723536, "support": 3200.0}, "PRICES,negative": {"precision": 0.9285714285714286, "recall": 0.8690807799442897, "f1-score": 0.897841726618705, "support": 359.0}, "PRICES,neutral": {"precision": 0.8895800933125972, "recall": 0.9036334913112164, "f1-score": 0.896551724137931, "support": 633.0}, "PRICES,positive": {"precision": 0.9552447552447553, "recall": 0.9479528105482304, "f1-score": 0.9515848136537791, "support": 1441.0}, "QUALITY,None": {"precision": 0.9126284875183553, "recall": 0.9276119402985075, "f1-score": 0.920059215396003, "support": 1340.0}, "QUALITY,negative": {"precision": 0.8394308943089431, "recall": 0.7972972972972973, "f1-score": 0.8178217821782178, "support": 518.0}, "QUALITY,neutral": {"precision": 0.8403361344537815, "recall": 0.5970149253731343, "f1-score": 0.6980802792321117, "support": 335.0}, "QUALITY,positive": {"precision": 0.9502965264049703, "recall": 0.9781976744186046, "f1-score": 0.9640452657212434, "support": 3440.0}, "SERVICE,None": {"precision": 0.9777777777777777, "recall": 0.9912575655682583, "f1-score": 0.9844715311404241, "support": 2974.0}, "SERVICE,negative": {"precision": 0.8166666666666667, "recall": 0.8698224852071006, "f1-score": 0.8424068767908309, "support": 338.0}, "SERVICE,neutral": {"precision": 0.7857142857142857, "recall": 0.3179190751445087, "f1-score": 0.45267489711934156, "support": 173.0}, "SERVICE,positive": {"precision": 0.9629798903107861, "recall": 0.9809124767225326, "f1-score": 0.9718634686346863, "support": 2148.0}, "accuracy": 0.9540564530445589, "macro avg": {"precision": 0.8934917054041162, "recall": 0.8354477310467354, "f1-score": 0.8545204610255611, "support": 28165.0}, "weighted avg": {"precision": 0.952023242384943, "recall": 0.9540564530445589, "f1-score": 0.9516459494682079, "support": 28165.0}, "static_polor_test": {"AMBIENCE,None": 4169, "AMBIENCE,negative": 470, "AMBIENCE,neutral": 153, "AMBIENCE,positive": 841, "LOCATION,None": 4084, "LOCATION,negative": 224, "LOCATION,neutral": 219, "LOCATION,positive": 1106, "PRICES,None": 3200, "PRICES,negative": 359, "PRICES,neutral": 633, "PRICES,positive": 1441, "QUALITY,None": 1340, "QUALITY,negative": 518, "QUALITY,neutral": 335, "QUALITY,positive": 3440, "SERVICE,None": 2974, "SERVICE,negative": 338, "SERVICE,neutral": 173, "SERVICE,positive": 2148}, "static_polar_pred": {"AMBIENCE,None": 4233, "AMBIENCE,negative": 482, "AMBIENCE,neutral": 74, "AMBIENCE,positive": 844, "LOCATION,None": 4124, "LOCATION,negative": 228, "LOCATION,neutral": 164, "LOCATION,positive": 1117, "PRICES,None": 3224, "PRICES,negative": 336, "PRICES,neutral": 643, "PRICES,positive": 1430, "QUALITY,None": 1362, "QUALITY,negative": 492, "QUALITY,neutral": 238, "QUALITY,positive": 3541, "SERVICE,None": 3015, "SERVICE,negative": 360, "SERVICE,neutral": 70, "SERVICE,positive": 2188}}