{"AMBIENCE,None": {"precision": 0.7551837031647872, "recall": 0.9628942486085343, "f1-score": 0.8464831804281345, "support": 2156.0}, "AMBIENCE,negative": {"precision": 0.0, "recall": 0.0, "f1-score": 0.0, "support": 92.0}, "AMBIENCE,neutral": {"precision": 0.08333333333333333, "recall": 0.007575757575757576, "f1-score": 0.013888888888888888, "support": 132.0}, "AMBIENCE,positive": {"precision": 0.32061068702290074, "recall": 0.08187134502923976, "f1-score": 0.13043478260869565, "support": 513.0}, "LOCATION,None": {"precision": 0.8707884682181313, "recall": 0.9948412698412699, "f1-score": 0.9286904982404149, "support": 2520.0}, "LOCATION,negative": {"precision": 0.0, "recall": 0.0, "f1-score": 0.0, "support": 72.0}, "LOCATION,neutral": {"precision": 0.0, "recall": 0.0, "f1-score": 0.0, "support": 168.0}, "LOCATION,positive": {"precision": 0.0, "recall": 0.0, "f1-score": 0.0, "support": 133.0}, "PRICES,None": {"precision": 0.5927367055771725, "recall": 0.7335473515248796, "f1-score": 0.6556671449067432, "support": 1246.0}, "PRICES,negative": {"precision": 0.0, "recall": 0.0, "f1-score": 0.0, "support": 160.0}, "PRICES,neutral": {"precision": 0.2926829268292683, "recall": 0.17733990147783252, "f1-score": 0.22085889570552147, "support": 609.0}, "PRICES,positive": {"precision": 0.39161554192229037, "recall": 0.43621867881548976, "f1-score": 0.41271551724137934, "support": 878.0}, "QUALITY,None": {"precision": 0.0, "recall": 0.0, "f1-score": 0.0, "support": 209.0}, "QUALITY,negative": {"precision": 0.25, "recall": 0.017241379310344827, "f1-score": 0.03225806451612903, "support": 58.0}, "QUALITY,neutral": {"precision": 0.0, "recall": 0.0, "f1-score": 0.0, "support": 283.0}, "QUALITY,positive": {"precision": 0.8109798471160529, "recall": 0.9961587708066582, "f1-score": 0.8940815935644513, "support": 2343.0}, "SERVICE,None": {"precision": 0.7617567042363, "recall": 0.9342230695900858, "f1-score": 0.8392207236137872, "support": 2098.0}, "SERVICE,negative": {"precision": 1.0, "recall": 0.0, "f1-score": 0.0, "support": 110.0}, "SERVICE,neutral": {"precision": 0.0, "recall": 0.0, "f1-score": 0.0, "support": 77.0}, "SERVICE,positive": {"precision": 0.4681528662420382, "recall": 0.24177631578947367, "f1-score": 0.3188720173535792, "support": 608.0}, "accuracy": 0.7240235050120982, "macro avg": {"precision": 0.3298920391831137, "recall": 0.27918440441847825, "f1-score": 0.2646585653533863, "support": 14465.0}, "weighted avg": {"precision": 0.6336741693555134, "recall": 0.7240235050120982, "f1-score": 0.6636125910620836, "support": 14465.0}}