{"AMBIENCE,None": {"precision": 0.9983225497244189, "recall": 0.9992804029743344, "f1-score": 0.9988012467034284, "support": 4169.0}, "AMBIENCE,negative": {"precision": 0.9894736842105263, "recall": 1.0, "f1-score": 0.9947089947089947, "support": 470.0}, "AMBIENCE,neutral": {"precision": 1.0, "recall": 0.9215686274509803, "f1-score": 0.9591836734693877, "support": 153.0}, "AMBIENCE,positive": {"precision": 0.9928909952606635, "recall": 0.9964328180737217, "f1-score": 0.9946587537091988, "support": 841.0}, "LOCATION,None": {"precision": 0.99804257401517, "recall": 0.9987757100881489, "f1-score": 0.9984090074654265, "support": 4084.0}, "LOCATION,negative": {"precision": 1.0, "recall": 0.9866071428571429, "f1-score": 0.9932584269662922, "support": 224.0}, "LOCATION,neutral": {"precision": 0.9818181818181818, "recall": 0.9863013698630136, "f1-score": 0.9840546697038725, "support": 219.0}, "LOCATION,positive": {"precision": 0.9972850678733032, "recall": 0.9963833634719711, "f1-score": 0.9968340117593849, "support": 1106.0}, "PRICES,None": {"precision": 0.9981261711430356, "recall": 0.99875, "f1-score": 0.9984379881287098, "support": 3200.0}, "PRICES,negative": {"precision": 0.9859943977591037, "recall": 0.9805013927576601, "f1-score": 0.9832402234636871, "support": 359.0}, "PRICES,neutral": {"precision": 0.9936808846761453, "recall": 0.9936808846761453, "f1-score": 0.9936808846761453, "support": 633.0}, "PRICES,positive": {"precision": 0.9965301873698821, "recall": 0.9965301873698821, "f1-score": 0.9965301873698821, "support": 1441.0}, "QUALITY,None": {"precision": 0.9947877885331348, "recall": 0.9970149253731343, "f1-score": 0.9959001118151323, "support": 1340.0}, "QUALITY,negative": {"precision": 0.9884393063583815, "recall": 0.9903474903474904, "f1-score": 0.9893924783027965, "support": 518.0}, "QUALITY,neutral": {"precision": 0.9969604863221885, "recall": 0.9791044776119403, "f1-score": 0.9879518072289156, "support": 335.0}, "QUALITY,positive": {"precision": 0.9976757699012202, "recall": 0.9982558139534884, "f1-score": 0.997965707643127, "support": 3440.0}, "SERVICE,None": {"precision": 0.9989902389767755, "recall": 0.9979825151311366, "f1-score": 0.9984861227922625, "support": 2974.0}, "SERVICE,negative": {"precision": 0.9794117647058823, "recall": 0.985207100591716, "f1-score": 0.9823008849557522, "support": 338.0}, "SERVICE,neutral": {"precision": 0.9411764705882353, "recall": 0.9248554913294798, "f1-score": 0.9329446064139941, "support": 173.0}, "SERVICE,positive": {"precision": 0.9944237918215614, "recall": 0.9962756052141527, "f1-score": 0.9953488372093023, "support": 2148.0}, "accuracy": 0.9962009586366057, "macro avg": {"precision": 0.9912015155528906, "recall": 0.9861927659567769, "f1-score": 0.9886044312242847, "support": 28165.0}, "weighted avg": {"precision": 0.9962000828741232, "recall": 0.9962009586366057, "f1-score": 0.9961890181362433, "support": 28165.0}, "static_polor_test": {"AMBIENCE,None": 4169, "AMBIENCE,negative": 470, "AMBIENCE,neutral": 153, "AMBIENCE,positive": 841, "LOCATION,None": 4084, "LOCATION,negative": 224, "LOCATION,neutral": 219, "LOCATION,positive": 1106, "PRICES,None": 3200, "PRICES,negative": 359, "PRICES,neutral": 633, "PRICES,positive": 1441, "QUALITY,None": 1340, "QUALITY,negative": 518, "QUALITY,neutral": 335, "QUALITY,positive": 3440, "SERVICE,None": 2974, "SERVICE,negative": 338, "SERVICE,neutral": 173, "SERVICE,positive": 2148}, "static_polar_pred": {"AMBIENCE,None": 4173, "AMBIENCE,negative": 475, "AMBIENCE,neutral": 141, "AMBIENCE,positive": 844, "LOCATION,None": 4087, "LOCATION,negative": 221, "LOCATION,neutral": 220, "LOCATION,positive": 1105, "PRICES,None": 3202, "PRICES,negative": 357, "PRICES,neutral": 633, "PRICES,positive": 1441, "QUALITY,None": 1343, "QUALITY,negative": 519, "QUALITY,neutral": 329, "QUALITY,positive": 3442, "SERVICE,None": 2971, "SERVICE,negative": 340, "SERVICE,neutral": 170, "SERVICE,positive": 2152}}