{"AMBIENCE,None": {"precision": 0.9914060634996419, "recall": 0.99616214919645, "f1-score": 0.9937784158889686, "support": 4169.0}, "AMBIENCE,negative": {"precision": 0.9425531914893617, "recall": 0.9425531914893617, "f1-score": 0.9425531914893617, "support": 470.0}, "AMBIENCE,neutral": {"precision": 0.8682170542635659, "recall": 0.7320261437908496, "f1-score": 0.7943262411347518, "support": 153.0}, "AMBIENCE,positive": {"precision": 0.9715976331360947, "recall": 0.976218787158145, "f1-score": 0.9739027283511269, "support": 841.0}, "LOCATION,None": {"precision": 0.9922103213242454, "recall": 0.9980411361410382, "f1-score": 0.9951171875, "support": 4084.0}, "LOCATION,negative": {"precision": 0.9383259911894273, "recall": 0.9508928571428571, "f1-score": 0.9445676274944568, "support": 224.0}, "LOCATION,neutral": {"precision": 0.9685863874345549, "recall": 0.8447488584474886, "f1-score": 0.9024390243902439, "support": 219.0}, "LOCATION,positive": {"precision": 0.98193315266486, "recall": 0.9828209764918626, "f1-score": 0.98237686398554, "support": 1106.0}, "PRICES,None": {"precision": 0.9928371223917782, "recall": 0.99625, "f1-score": 0.9945406332865387, "support": 3200.0}, "PRICES,negative": {"precision": 0.9745762711864406, "recall": 0.9610027855153204, "f1-score": 0.967741935483871, "support": 359.0}, "PRICES,neutral": {"precision": 0.9808917197452229, "recall": 0.9731437598736177, "f1-score": 0.9770023790642347, "support": 633.0}, "PRICES,positive": {"precision": 0.9868055555555556, "recall": 0.9861207494795281, "f1-score": 0.986463033668865, "support": 1441.0}, "QUALITY,None": {"precision": 0.9718100890207715, "recall": 0.9776119402985075, "f1-score": 0.9747023809523809, "support": 1340.0}, "QUALITY,negative": {"precision": 0.9507874015748031, "recall": 0.9324324324324325, "f1-score": 0.9415204678362573, "support": 518.0}, "QUALITY,neutral": {"precision": 0.9385113268608414, "recall": 0.8656716417910447, "f1-score": 0.9006211180124224, "support": 335.0}, "QUALITY,positive": {"precision": 0.986159169550173, "recall": 0.9941860465116279, "f1-score": 0.9901563404748118, "support": 3440.0}, "SERVICE,None": {"precision": 0.9932998324958124, "recall": 0.9969737726967047, "f1-score": 0.9951334116462494, "support": 2974.0}, "SERVICE,negative": {"precision": 0.9585798816568047, "recall": 0.9585798816568047, "f1-score": 0.9585798816568047, "support": 338.0}, "SERVICE,neutral": {"precision": 0.9735099337748344, "recall": 0.8497109826589595, "f1-score": 0.9074074074074074, "support": 173.0}, "SERVICE,positive": {"precision": 0.9888837424733673, "recall": 0.9939478584729982, "f1-score": 0.9914093336429068, "support": 2148.0}, "accuracy": 0.98469731936801, "macro avg": {"precision": 0.9675740920644079, "recall": 0.94545479756228, "f1-score": 0.9557169801683602, "support": 28165.0}, "weighted avg": {"precision": 0.9845060012407879, "recall": 0.98469731936801, "f1-score": 0.9844852234788447, "support": 28165.0}, "static_polor_test": {"AMBIENCE,None": 4169, "AMBIENCE,negative": 470, "AMBIENCE,neutral": 153, "AMBIENCE,positive": 841, "LOCATION,None": 4084, "LOCATION,negative": 224, "LOCATION,neutral": 219, "LOCATION,positive": 1106, "PRICES,None": 3200, "PRICES,negative": 359, "PRICES,neutral": 633, "PRICES,positive": 1441, "QUALITY,None": 1340, "QUALITY,negative": 518, "QUALITY,neutral": 335, "QUALITY,positive": 3440, "SERVICE,None": 2974, "SERVICE,negative": 338, "SERVICE,neutral": 173, "SERVICE,positive": 2148}, "static_polar_pred": {"AMBIENCE,None": 4189, "AMBIENCE,negative": 470, "AMBIENCE,neutral": 129, "AMBIENCE,positive": 845, "LOCATION,None": 4108, "LOCATION,negative": 227, "LOCATION,neutral": 191, "LOCATION,positive": 1107, "PRICES,None": 3211, "PRICES,negative": 354, "PRICES,neutral": 628, "PRICES,positive": 1440, "QUALITY,None": 1348, "QUALITY,negative": 508, "QUALITY,neutral": 309, "QUALITY,positive": 3468, "SERVICE,None": 2985, "SERVICE,negative": 338, "SERVICE,neutral": 151, "SERVICE,positive": 2159}}