{"AMBIENCE,None": {"precision": 0.9007786429365963, "recall": 0.9712161189733749, "f1-score": 0.9346722068328717, "support": 4169.0}, "AMBIENCE,negative": {"precision": 0.7664835164835165, "recall": 0.5936170212765958, "f1-score": 0.6690647482014388, "support": 470.0}, "AMBIENCE,neutral": {"precision": 0.3, "recall": 0.0196078431372549, "f1-score": 0.03680981595092025, "support": 153.0}, "AMBIENCE,positive": {"precision": 0.7486910994764397, "recall": 0.6801426872770512, "f1-score": 0.712772585669782, "support": 841.0}, "LOCATION,None": {"precision": 0.9327731092436975, "recall": 0.9784524975514202, "f1-score": 0.9550669216061185, "support": 4084.0}, "LOCATION,negative": {"precision": 0.6129032258064516, "recall": 0.16964285714285715, "f1-score": 0.26573426573426573, "support": 224.0}, "LOCATION,neutral": {"precision": 0.5857142857142857, "recall": 0.1872146118721461, "f1-score": 0.2837370242214533, "support": 219.0}, "LOCATION,positive": {"precision": 0.7773212818405916, "recall": 0.8553345388788427, "f1-score": 0.8144640551011623, "support": 1106.0}, "PRICES,None": {"precision": 0.9407854984894259, "recall": 0.973125, "f1-score": 0.9566820276497696, "support": 3200.0}, "PRICES,negative": {"precision": 0.7222222222222222, "recall": 0.47075208913649025, "f1-score": 0.5699831365935919, "support": 359.0}, "PRICES,neutral": {"precision": 0.695852534562212, "recall": 0.7156398104265402, "f1-score": 0.705607476635514, "support": 633.0}, "PRICES,positive": {"precision": 0.8421418636995828, "recall": 0.8403886190145732, "f1-score": 0.8412643278916291, "support": 1441.0}, "QUALITY,None": {"precision": 0.726457399103139, "recall": 0.7253731343283583, "f1-score": 0.7259148618371919, "support": 1340.0}, "QUALITY,negative": {"precision": 0.6152125279642058, "recall": 0.5308880308880309, "f1-score": 0.5699481865284974, "support": 518.0}, "QUALITY,neutral": {"precision": 0.6595744680851063, "recall": 0.09253731343283582, "f1-score": 0.16230366492146597, "support": 335.0}, "QUALITY,positive": {"precision": 0.8326756116811366, "recall": 0.9200581395348837, "f1-score": 0.8741886479767987, "support": 3440.0}, "SERVICE,None": {"precision": 0.923126201153107, "recall": 0.9690652320107599, "f1-score": 0.9455380577427821, "support": 2974.0}, "SERVICE,negative": {"precision": 0.7489361702127659, "recall": 0.5207100591715976, "f1-score": 0.6143106457242583, "support": 338.0}, "SERVICE,neutral": {"precision": 0.5, "recall": 0.005780346820809248, "f1-score": 0.011428571428571429, "support": 173.0}, "SERVICE,positive": {"precision": 0.890061565523307, "recall": 0.9422718808193669, "f1-score": 0.9154228855721394, "support": 2148.0}, "accuracy": 0.8662169359133677, "macro avg": {"precision": 0.7360855612098895, "recall": 0.6080908915846895, "f1-score": 0.628245705691011, "support": 28165.0}, "weighted avg": {"precision": 0.8529744042436413, "recall": 0.8662169359133677, "f1-score": 0.8514669356995856, "support": 28165.0}, "static_polor_test": {"AMBIENCE,None": 4169, "AMBIENCE,negative": 470, "AMBIENCE,neutral": 153, "AMBIENCE,positive": 841, "LOCATION,None": 4084, "LOCATION,negative": 224, "LOCATION,neutral": 219, "LOCATION,positive": 1106, "PRICES,None": 3200, "PRICES,negative": 359, "PRICES,neutral": 633, "PRICES,positive": 1441, "QUALITY,None": 1340, "QUALITY,negative": 518, "QUALITY,neutral": 335, "QUALITY,positive": 3440, "SERVICE,None": 2974, "SERVICE,negative": 338, "SERVICE,neutral": 173, "SERVICE,positive": 2148}, "static_polar_pred": {"AMBIENCE,None": 4495, "AMBIENCE,negative": 364, "AMBIENCE,neutral": 10, "AMBIENCE,positive": 764, "LOCATION,None": 4284, "LOCATION,negative": 62, "LOCATION,neutral": 70, "LOCATION,positive": 1217, "PRICES,None": 3310, "PRICES,negative": 234, "PRICES,neutral": 651, "PRICES,positive": 1438, "QUALITY,None": 1338, "QUALITY,negative": 447, "QUALITY,neutral": 47, "QUALITY,positive": 3801, "SERVICE,None": 3122, "SERVICE,negative": 235, "SERVICE,neutral": 2, "SERVICE,positive": 2274}}