{"AMBIENCE,None": {"precision": 0.971611071682044, "recall": 0.9851283281362437, "f1-score": 0.9783230109575989, "support": 4169.0}, "AMBIENCE,negative": {"precision": 0.8315789473684211, "recall": 0.8404255319148937, "f1-score": 0.8359788359788359, "support": 470.0}, "AMBIENCE,neutral": {"precision": 0.6197183098591549, "recall": 0.2875816993464052, "f1-score": 0.39285714285714285, "support": 153.0}, "AMBIENCE,positive": {"precision": 0.891860465116279, "recall": 0.9120095124851367, "f1-score": 0.9018224573780129, "support": 841.0}, "LOCATION,None": {"precision": 0.9772341971421652, "recall": 0.988001958863859, "f1-score": 0.9825885790819433, "support": 4084.0}, "LOCATION,negative": {"precision": 0.7524752475247525, "recall": 0.6785714285714286, "f1-score": 0.7136150234741784, "support": 224.0}, "LOCATION,neutral": {"precision": 0.7126436781609196, "recall": 0.5662100456621004, "f1-score": 0.6310432569974554, "support": 219.0}, "LOCATION,positive": {"precision": 0.9122340425531915, "recall": 0.930379746835443, "f1-score": 0.9212175470008953, "support": 1106.0}, "PRICES,None": {"precision": 0.9761683689260291, "recall": 0.985625, "f1-score": 0.9808738920852123, "support": 3200.0}, "PRICES,negative": {"precision": 0.8128654970760234, "recall": 0.7743732590529248, "f1-score": 0.7931526390870185, "support": 359.0}, "PRICES,neutral": {"precision": 0.8183183183183184, "recall": 0.8609794628751974, "f1-score": 0.8391070053887606, "support": 633.0}, "PRICES,positive": {"precision": 0.9447632711621234, "recall": 0.9139486467730743, "f1-score": 0.9291005291005291, "support": 1441.0}, "QUALITY,None": {"precision": 0.8364312267657993, "recall": 0.8395522388059702, "f1-score": 0.8379888268156425, "support": 1340.0}, "QUALITY,negative": {"precision": 0.699047619047619, "recall": 0.7084942084942085, "f1-score": 0.7037392138063279, "support": 518.0}, "QUALITY,neutral": {"precision": 0.7090909090909091, "recall": 0.3492537313432836, "f1-score": 0.468, "support": 335.0}, "QUALITY,positive": {"precision": 0.914952751528627, "recall": 0.9569767441860465, "f1-score": 0.9354930377948281, "support": 3440.0}, "SERVICE,None": {"precision": 0.980346435709527, "recall": 0.9895763281775387, "f1-score": 0.9849397590361446, "support": 2974.0}, "SERVICE,negative": {"precision": 0.7494033412887828, "recall": 0.9289940828402367, "f1-score": 0.8295904887714664, "support": 338.0}, "SERVICE,neutral": {"precision": 0.868421052631579, "recall": 0.1907514450867052, "f1-score": 0.3127962085308057, "support": 173.0}, "SERVICE,positive": {"precision": 0.9668813247470102, "recall": 0.978584729981378, "f1-score": 0.972697825080981, "support": 2148.0}, "accuracy": 0.9316527605183739, "macro avg": {"precision": 0.8473023037849637, "recall": 0.7832709064716037, "f1-score": 0.797246263961189, "support": 28165.0}, "weighted avg": {"precision": 0.9291585229625462, "recall": 0.9316527605183739, "f1-score": 0.9277049905263761, "support": 28165.0}, "static_polor_test": {"AMBIENCE,None": 4169, "AMBIENCE,negative": 470, "AMBIENCE,neutral": 153, "AMBIENCE,positive": 841, "LOCATION,None": 4084, "LOCATION,negative": 224, "LOCATION,neutral": 219, "LOCATION,positive": 1106, "PRICES,None": 3200, "PRICES,negative": 359, "PRICES,neutral": 633, "PRICES,positive": 1441, "QUALITY,None": 1340, "QUALITY,negative": 518, "QUALITY,neutral": 335, "QUALITY,positive": 3440, "SERVICE,None": 2974, "SERVICE,negative": 338, "SERVICE,neutral": 173, "SERVICE,positive": 2148}, "static_polar_pred": {"AMBIENCE,None": 4227, "AMBIENCE,negative": 475, "AMBIENCE,neutral": 71, "AMBIENCE,positive": 860, "LOCATION,None": 4129, "LOCATION,negative": 202, "LOCATION,neutral": 174, "LOCATION,positive": 1128, "PRICES,None": 3231, "PRICES,negative": 342, "PRICES,neutral": 666, "PRICES,positive": 1394, "QUALITY,None": 1345, "QUALITY,negative": 525, "QUALITY,neutral": 165, "QUALITY,positive": 3598, "SERVICE,None": 3002, "SERVICE,negative": 419, "SERVICE,neutral": 38, "SERVICE,positive": 2174}}