{"AMBIENCE,None": {"precision": 0.8334025758205235, "recall": 0.9623410889901655, "f1-score": 0.8932427919403317, "support": 4169.0}, "AMBIENCE,negative": {"precision": 0.6311787072243346, "recall": 0.35319148936170214, "f1-score": 0.4529331514324693, "support": 470.0}, "AMBIENCE,neutral": {"precision": 1.0, "recall": 0.0, "f1-score": 0.0, "support": 153.0}, "AMBIENCE,positive": {"precision": 0.6564748201438849, "recall": 0.4340071343638526, "f1-score": 0.5225483178239084, "support": 841.0}, "LOCATION,None": {"precision": 0.8975344944582674, "recall": 0.9715964740450539, "f1-score": 0.933098177542622, "support": 4084.0}, "LOCATION,negative": {"precision": 0.7777777777777778, "recall": 0.03125, "f1-score": 0.060085836909871244, "support": 224.0}, "LOCATION,neutral": {"precision": 0.47058823529411764, "recall": 0.0365296803652968, "f1-score": 0.06779661016949153, "support": 219.0}, "LOCATION,positive": {"precision": 0.7327150084317032, "recall": 0.7857142857142857, "f1-score": 0.7582897033158813, "support": 1106.0}, "PRICES,None": {"precision": 0.914580265095729, "recall": 0.9703125, "f1-score": 0.9416224412433661, "support": 3200.0}, "PRICES,negative": {"precision": 0.635036496350365, "recall": 0.24233983286908078, "f1-score": 0.35080645161290325, "support": 359.0}, "PRICES,neutral": {"precision": 0.6196911196911197, "recall": 0.5071090047393365, "f1-score": 0.5577758470894874, "support": 633.0}, "PRICES,positive": {"precision": 0.7378395451674037, "recall": 0.8105482303955587, "f1-score": 0.7724867724867724, "support": 1441.0}, "QUALITY,None": {"precision": 0.6544175136825645, "recall": 0.6246268656716418, "f1-score": 0.6391752577319587, "support": 1340.0}, "QUALITY,negative": {"precision": 0.5641711229946524, "recall": 0.40733590733590735, "f1-score": 0.4730941704035874, "support": 518.0}, "QUALITY,neutral": {"precision": 0.42857142857142855, "recall": 0.008955223880597015, "f1-score": 0.017543859649122806, "support": 335.0}, "QUALITY,positive": {"precision": 0.7805184998741506, "recall": 0.901453488372093, "f1-score": 0.8366383380547686, "support": 3440.0}, "SERVICE,None": {"precision": 0.8960176991150443, "recall": 0.9532616005379959, "f1-score": 0.9237536656891495, "support": 2974.0}, "SERVICE,negative": {"precision": 0.6698564593301436, "recall": 0.41420118343195267, "f1-score": 0.5118829981718465, "support": 338.0}, "SERVICE,neutral": {"precision": 0.0, "recall": 0.0, "f1-score": 0.0, "support": 173.0}, "SERVICE,positive": {"precision": 0.8521469676848162, "recall": 0.8961824953445066, "f1-score": 0.8736101656455639, "support": 2148.0}, "accuracy": 0.8211610154447009, "macro avg": {"precision": 0.6876259368354013, "recall": 0.5155478242709514, "f1-score": 0.5293192278456552, "support": 28165.0}, "weighted avg": {"precision": 0.8009522660826124, "recall": 0.8211610154447009, "f1-score": 0.7967910896874377, "support": 28165.0}, "static_polor_test": {"AMBIENCE,None": 4169, "AMBIENCE,negative": 470, "AMBIENCE,neutral": 153, "AMBIENCE,positive": 841, "LOCATION,None": 4084, "LOCATION,negative": 224, "LOCATION,neutral": 219, "LOCATION,positive": 1106, "PRICES,None": 3200, "PRICES,negative": 359, "PRICES,neutral": 633, "PRICES,positive": 1441, "QUALITY,None": 1340, "QUALITY,negative": 518, "QUALITY,neutral": 335, "QUALITY,positive": 3440, "SERVICE,None": 2974, "SERVICE,negative": 338, "SERVICE,neutral": 173, "SERVICE,positive": 2148}, "static_polar_pred": {"AMBIENCE,None": 4814, "AMBIENCE,negative": 263, "AMBIENCE,positive": 556, "LOCATION,None": 4421, "LOCATION,negative": 9, "LOCATION,neutral": 17, "LOCATION,positive": 1186, "PRICES,None": 3395, "PRICES,negative": 137, "PRICES,neutral": 518, "PRICES,positive": 1583, "QUALITY,None": 1279, "QUALITY,negative": 374, "QUALITY,neutral": 7, "QUALITY,positive": 3973, "SERVICE,None": 3164, "SERVICE,negative": 209, "SERVICE,neutral": 1, "SERVICE,positive": 2259}}