{"AMBIENCE,None": {"precision": 0.9980833732630571, "recall": 0.9992804029743344, "f1-score": 0.998681529425866, "support": 4169.0}, "AMBIENCE,negative": {"precision": 0.9914529914529915, "recall": 0.9872340425531915, "f1-score": 0.9893390191897654, "support": 470.0}, "AMBIENCE,neutral": {"precision": 0.9865771812080537, "recall": 0.9607843137254902, "f1-score": 0.9735099337748344, "support": 153.0}, "AMBIENCE,positive": {"precision": 0.9928741092636579, "recall": 0.9940546967895363, "f1-score": 0.9934640522875817, "support": 841.0}, "LOCATION,None": {"precision": 0.9975568043000245, "recall": 0.9997551420176298, "f1-score": 0.9986547633606457, "support": 4084.0}, "LOCATION,negative": {"precision": 0.990909090909091, "recall": 0.9732142857142857, "f1-score": 0.9819819819819819, "support": 224.0}, "LOCATION,neutral": {"precision": 0.9681818181818181, "recall": 0.9726027397260274, "f1-score": 0.9703872437357631, "support": 219.0}, "LOCATION,positive": {"precision": 0.9981818181818182, "recall": 0.9927667269439421, "f1-score": 0.9954669084315503, "support": 1106.0}, "PRICES,None": {"precision": 0.9975031210986267, "recall": 0.99875, "f1-score": 0.9981261711430356, "support": 3200.0}, "PRICES,negative": {"precision": 0.9971671388101983, "recall": 0.9805013927576601, "f1-score": 0.9887640449438202, "support": 359.0}, "PRICES,neutral": {"precision": 0.9968404423380727, "recall": 0.9968404423380727, "f1-score": 0.9968404423380727, "support": 633.0}, "PRICES,positive": {"precision": 0.9965349965349966, "recall": 0.9979181124219292, "f1-score": 0.9972260748959778, "support": 1441.0}, "QUALITY,None": {"precision": 0.9940520446096655, "recall": 0.9977611940298508, "f1-score": 0.9959031657355679, "support": 1340.0}, "QUALITY,negative": {"precision": 0.9941860465116279, "recall": 0.9903474903474904, "f1-score": 0.9922630560928434, "support": 518.0}, "QUALITY,neutral": {"precision": 0.993920972644377, "recall": 0.9761194029850746, "f1-score": 0.9849397590361446, "support": 335.0}, "QUALITY,positive": {"precision": 0.9979668893406912, "recall": 0.9988372093023256, "f1-score": 0.9984018596542206, "support": 3440.0}, "SERVICE,None": {"precision": 0.9973136333109469, "recall": 0.9986550100874243, "f1-score": 0.9979838709677419, "support": 2974.0}, "SERVICE,negative": {"precision": 0.9970059880239521, "recall": 0.985207100591716, "f1-score": 0.9910714285714286, "support": 338.0}, "SERVICE,neutral": {"precision": 0.9884393063583815, "recall": 0.9884393063583815, "f1-score": 0.9884393063583815, "support": 173.0}, "SERVICE,positive": {"precision": 0.9981378026070763, "recall": 0.9981378026070763, "f1-score": 0.9981378026070763, "support": 2148.0}, "accuracy": 0.9967335345286703, "macro avg": {"precision": 0.9936442784474562, "recall": 0.9893603407135718, "f1-score": 0.9914791207266148, "support": 28165.0}, "weighted avg": {"precision": 0.996731364628442, "recall": 0.9967335345286703, "f1-score": 0.9967276001466905, "support": 28165.0}, "static_polor_test": {"AMBIENCE,None": 4169, "AMBIENCE,negative": 470, "AMBIENCE,neutral": 153, "AMBIENCE,positive": 841, "LOCATION,None": 4084, "LOCATION,negative": 224, "LOCATION,neutral": 219, "LOCATION,positive": 1106, "PRICES,None": 3200, "PRICES,negative": 359, "PRICES,neutral": 633, "PRICES,positive": 1441, "QUALITY,None": 1340, "QUALITY,negative": 518, "QUALITY,neutral": 335, "QUALITY,positive": 3440, "SERVICE,None": 2974, "SERVICE,negative": 338, "SERVICE,neutral": 173, "SERVICE,positive": 2148}, "static_polar_pred": {"AMBIENCE,None": 4174, "AMBIENCE,negative": 468, "AMBIENCE,neutral": 149, "AMBIENCE,positive": 842, "LOCATION,None": 4093, "LOCATION,negative": 220, "LOCATION,neutral": 220, "LOCATION,positive": 1100, "PRICES,None": 3204, "PRICES,negative": 353, "PRICES,neutral": 633, "PRICES,positive": 1443, "QUALITY,None": 1345, "QUALITY,negative": 516, "QUALITY,neutral": 329, "QUALITY,positive": 3443, "SERVICE,None": 2978, "SERVICE,negative": 334, "SERVICE,neutral": 173, "SERVICE,positive": 2148}}