{"AMBIENCE,None": {"precision": 0.9663023679417122, "recall": 0.9842300556586271, "f1-score": 0.9751838235294118, "support": 2156.0}, "AMBIENCE,negative": {"precision": 1.0, "recall": 0.0, "f1-score": 0.0, "support": 92.0}, "AMBIENCE,neutral": {"precision": 1.0, "recall": 0.022727272727272728, "f1-score": 0.044444444444444446, "support": 132.0}, "AMBIENCE,positive": {"precision": 0.6786743515850144, "recall": 0.9181286549707602, "f1-score": 0.7804473902236951, "support": 513.0}, "LOCATION,None": {"precision": 0.9519267455169782, "recall": 0.9900793650793651, "f1-score": 0.9706282824353238, "support": 2520.0}, "LOCATION,negative": {"precision": 0.5, "recall": 0.041666666666666664, "f1-score": 0.07692307692307693, "support": 72.0}, "LOCATION,neutral": {"precision": 0.45454545454545453, "recall": 0.5357142857142857, "f1-score": 0.4918032786885246, "support": 168.0}, "LOCATION,positive": {"precision": 0.29411764705882354, "recall": 0.15037593984962405, "f1-score": 0.19900497512437812, "support": 133.0}, "PRICES,None": {"precision": 0.9804081632653061, "recall": 0.963884430176565, "f1-score": 0.972076082557669, "support": 1246.0}, "PRICES,negative": {"precision": 0.5254237288135594, "recall": 0.19375, "f1-score": 0.2831050228310502, "support": 160.0}, "PRICES,neutral": {"precision": 0.7, "recall": 0.8390804597701149, "f1-score": 0.7632561613144138, "support": 609.0}, "PRICES,positive": {"precision": 0.8430034129692833, "recall": 0.8439635535307517, "f1-score": 0.8434832100170746, "support": 878.0}, "QUALITY,None": {"precision": 1.0, "recall": 0.0, "f1-score": 0.0, "support": 209.0}, "QUALITY,negative": {"precision": 1.0, "recall": 0.0, "f1-score": 0.0, "support": 58.0}, "QUALITY,neutral": {"precision": 1.0, "recall": 0.0, "f1-score": 0.0, "support": 283.0}, "QUALITY,positive": {"precision": 0.8098859315589354, "recall": 1.0, "f1-score": 0.8949579831932774, "support": 2343.0}, "SERVICE,None": {"precision": 0.975598310652276, "recall": 0.9909437559580553, "f1-score": 0.9832111610309766, "support": 2098.0}, "SERVICE,negative": {"precision": 0.6666666666666666, "recall": 0.01818181818181818, "f1-score": 0.035398230088495575, "support": 110.0}, "SERVICE,neutral": {"precision": 1.0, "recall": 0.0, "f1-score": 0.0, "support": 77.0}, "SERVICE,positive": {"precision": 0.7602108036890646, "recall": 0.9490131578947368, "f1-score": 0.8441843452816387, "support": 608.0}, "accuracy": 0.8772208779813343, "macro avg": {"precision": 0.8053381792131538, "recall": 0.4720869708089322, "f1-score": 0.4579053733841724, "support": 14465.0}, "weighted avg": {"precision": 0.8838484196172698, "recall": 0.8772208779813343, "f1-score": 0.8439731191170845, "support": 14465.0}}