{"AMBIENCE,None": {"precision": 1.0, "recall": 0.9995032290114257, "f1-score": 0.999751552795031, "support": 2013.0}, "AMBIENCE,negative": {"precision": 1.0, "recall": 1.0, "f1-score": 1.0, "support": 378.0}, "AMBIENCE,neutral": {"precision": 1.0, "recall": 0.9047619047619048, "f1-score": 0.95, "support": 21.0}, "AMBIENCE,positive": {"precision": 0.9909365558912386, "recall": 1.0, "f1-score": 0.9954476479514416, "support": 328.0}, "LOCATION,None": {"precision": 0.9993610223642172, "recall": 1.0, "f1-score": 0.9996804090763822, "support": 1564.0}, "LOCATION,negative": {"precision": 1.0, "recall": 0.993421052631579, "f1-score": 0.9966996699669967, "support": 152.0}, "LOCATION,neutral": {"precision": 1.0, "recall": 1.0, "f1-score": 1.0, "support": 51.0}, "LOCATION,positive": {"precision": 1.0, "recall": 1.0, "f1-score": 1.0, "support": 973.0}, "PRICES,None": {"precision": 1.0, "recall": 0.9994882292732856, "f1-score": 0.9997440491425647, "support": 1954.0}, "PRICES,negative": {"precision": 1.0, "recall": 1.0, "f1-score": 1.0, "support": 199.0}, "PRICES,neutral": {"precision": 1.0, "recall": 1.0, "f1-score": 1.0, "support": 24.0}, "PRICES,positive": {"precision": 0.99822695035461, "recall": 1.0, "f1-score": 0.9991126885536823, "support": 563.0}, "QUALITY,None": {"precision": 1.0, "recall": 1.0, "f1-score": 1.0, "support": 1131.0}, "QUALITY,negative": {"precision": 1.0, "recall": 1.0, "f1-score": 1.0, "support": 460.0}, "QUALITY,neutral": {"precision": 1.0, "recall": 1.0, "f1-score": 1.0, "support": 52.0}, "QUALITY,positive": {"precision": 1.0, "recall": 1.0, "f1-score": 1.0, "support": 1097.0}, "SERVICE,None": {"precision": 1.0, "recall": 1.0, "f1-score": 1.0, "support": 876.0}, "SERVICE,negative": {"precision": 1.0, "recall": 1.0, "f1-score": 1.0, "support": 228.0}, "SERVICE,neutral": {"precision": 0.9896907216494846, "recall": 1.0, "f1-score": 0.9948186528497409, "support": 96.0}, "SERVICE,positive": {"precision": 1.0, "recall": 0.9993506493506493, "f1-score": 0.9996752192270217, "support": 1540.0}, "accuracy": 0.9995620437956204, "macro avg": {"precision": 0.9989107625129774, "recall": 0.9948262532514421, "f1-score": 0.9967464944781431, "support": 13700.0}, "weighted avg": {"precision": 0.9995649570538655, "recall": 0.9995620437956204, "f1-score": 0.9995589750290801, "support": 13700.0}, "static_polor_test": {"AMBIENCE,None": 2013, "AMBIENCE,negative": 378, "AMBIENCE,neutral": 21, "AMBIENCE,positive": 328, "LOCATION,None": 1564, "LOCATION,negative": 152, "LOCATION,neutral": 51, "LOCATION,positive": 973, "PRICES,None": 1954, "PRICES,negative": 199, "PRICES,neutral": 24, "PRICES,positive": 563, "QUALITY,None": 1131, "QUALITY,negative": 460, "QUALITY,neutral": 52, "QUALITY,positive": 1097, "SERVICE,None": 876, "SERVICE,negative": 228, "SERVICE,neutral": 96, "SERVICE,positive": 1540}, "static_polar_pred": {"AMBIENCE,None": 2012, "AMBIENCE,negative": 378, "AMBIENCE,neutral": 19, "AMBIENCE,positive": 331, "LOCATION,None": 1565, "LOCATION,negative": 151, "LOCATION,neutral": 51, "LOCATION,positive": 973, "PRICES,None": 1953, "PRICES,negative": 199, "PRICES,neutral": 24, "PRICES,positive": 564, "QUALITY,None": 1131, "QUALITY,negative": 460, "QUALITY,neutral": 52, "QUALITY,positive": 1097, "SERVICE,None": 876, "SERVICE,negative": 228, "SERVICE,neutral": 97, "SERVICE,positive": 1539}}