{"AMBIENCE,None": {"precision": 0.9942542494613359, "recall": 0.99616214919645, "f1-score": 0.9952072849269111, "support": 4169.0}, "AMBIENCE,negative": {"precision": 0.9700214132762313, "recall": 0.9638297872340426, "f1-score": 0.9669156883671292, "support": 470.0}, "AMBIENCE,neutral": {"precision": 0.900709219858156, "recall": 0.8300653594771242, "f1-score": 0.8639455782312925, "support": 153.0}, "AMBIENCE,positive": {"precision": 0.9740566037735849, "recall": 0.9821640903686087, "f1-score": 0.9780935464772055, "support": 841.0}, "LOCATION,None": {"precision": 0.9963307240704501, "recall": 0.9973065621939275, "f1-score": 0.9968184043073911, "support": 4084.0}, "LOCATION,negative": {"precision": 0.9555555555555556, "recall": 0.9598214285714286, "f1-score": 0.9576837416481069, "support": 224.0}, "LOCATION,neutral": {"precision": 0.9532710280373832, "recall": 0.9315068493150684, "f1-score": 0.9422632794457275, "support": 219.0}, "LOCATION,positive": {"precision": 0.9900542495479204, "recall": 0.9900542495479204, "f1-score": 0.9900542495479204, "support": 1106.0}, "PRICES,None": {"precision": 0.9965646470955652, "recall": 0.9971875, "f1-score": 0.9968759762574195, "support": 3200.0}, "PRICES,negative": {"precision": 0.9661971830985916, "recall": 0.9554317548746518, "f1-score": 0.9607843137254902, "support": 359.0}, "PRICES,neutral": {"precision": 0.9670846394984326, "recall": 0.9747235387045814, "f1-score": 0.970889063729347, "support": 633.0}, "PRICES,positive": {"precision": 0.9895688456189151, "recall": 0.9875086745315753, "f1-score": 0.9885376866967697, "support": 1441.0}, "QUALITY,None": {"precision": 0.9873228933631618, "recall": 0.9880597014925373, "f1-score": 0.9876911600149199, "support": 1340.0}, "QUALITY,negative": {"precision": 0.9692307692307692, "recall": 0.972972972972973, "f1-score": 0.9710982658959537, "support": 518.0}, "QUALITY,neutral": {"precision": 0.9723076923076923, "recall": 0.9432835820895522, "f1-score": 0.9575757575757575, "support": 335.0}, "QUALITY,positive": {"precision": 0.9930374238468234, "recall": 0.9950581395348838, "f1-score": 0.9940467547553361, "support": 3440.0}, "SERVICE,None": {"precision": 0.9979825151311366, "recall": 0.9979825151311366, "f1-score": 0.9979825151311366, "support": 2974.0}, "SERVICE,negative": {"precision": 0.9794721407624634, "recall": 0.9881656804733728, "f1-score": 0.9837997054491899, "support": 338.0}, "SERVICE,neutral": {"precision": 0.9625, "recall": 0.8901734104046243, "f1-score": 0.924924924924925, "support": 173.0}, "SERVICE,positive": {"precision": 0.9925857275254866, "recall": 0.9972067039106145, "f1-score": 0.9948908499767766, "support": 2148.0}, "accuracy": 0.9900585833481271, "macro avg": {"precision": 0.9754053760529828, "recall": 0.9669332325012536, "f1-score": 0.9710039373542354, "support": 28165.0}, "weighted avg": {"precision": 0.9899971887430756, "recall": 0.9900585833481271, "f1-score": 0.99000528940156, "support": 28165.0}, "static_polor_test": {"AMBIENCE,None": 4169, "AMBIENCE,negative": 470, "AMBIENCE,neutral": 153, "AMBIENCE,positive": 841, "LOCATION,None": 4084, "LOCATION,negative": 224, "LOCATION,neutral": 219, "LOCATION,positive": 1106, "PRICES,None": 3200, "PRICES,negative": 359, "PRICES,neutral": 633, "PRICES,positive": 1441, "QUALITY,None": 1340, "QUALITY,negative": 518, "QUALITY,neutral": 335, "QUALITY,positive": 3440, "SERVICE,None": 2974, "SERVICE,negative": 338, "SERVICE,neutral": 173, "SERVICE,positive": 2148}, "static_polar_pred": {"AMBIENCE,None": 4177, "AMBIENCE,negative": 467, "AMBIENCE,neutral": 141, "AMBIENCE,positive": 848, "LOCATION,None": 4088, "LOCATION,negative": 225, "LOCATION,neutral": 214, "LOCATION,positive": 1106, "PRICES,None": 3202, "PRICES,negative": 355, "PRICES,neutral": 638, "PRICES,positive": 1438, "QUALITY,None": 1341, "QUALITY,negative": 520, "QUALITY,neutral": 325, "QUALITY,positive": 3447, "SERVICE,None": 2974, "SERVICE,negative": 341, "SERVICE,neutral": 160, "SERVICE,positive": 2158}}