{"AMBIENCE,None": {"precision": 0.9971195391262602, "recall": 0.9964020148716719, "f1-score": 0.996760647870426, "support": 4169.0}, "AMBIENCE,negative": {"precision": 0.9810526315789474, "recall": 0.9914893617021276, "f1-score": 0.9862433862433863, "support": 470.0}, "AMBIENCE,neutral": {"precision": 0.9530201342281879, "recall": 0.9281045751633987, "f1-score": 0.9403973509933775, "support": 153.0}, "AMBIENCE,positive": {"precision": 0.9869513641755635, "recall": 0.9892984542211652, "f1-score": 0.9881235154394299, "support": 841.0}, "LOCATION,None": {"precision": 0.9975526186979932, "recall": 0.9980411361410382, "f1-score": 0.997796817625459, "support": 4084.0}, "LOCATION,negative": {"precision": 0.9594594594594594, "recall": 0.9508928571428571, "f1-score": 0.9551569506726457, "support": 224.0}, "LOCATION,neutral": {"precision": 0.944954128440367, "recall": 0.9406392694063926, "f1-score": 0.9427917620137299, "support": 219.0}, "LOCATION,positive": {"precision": 0.996386630532972, "recall": 0.9972875226039783, "f1-score": 0.9968368730230457, "support": 1106.0}, "PRICES,None": {"precision": 0.9978152309612984, "recall": 0.9990625, "f1-score": 0.9984384759525297, "support": 3200.0}, "PRICES,negative": {"precision": 0.9888579387186629, "recall": 0.9888579387186629, "f1-score": 0.9888579387186629, "support": 359.0}, "PRICES,neutral": {"precision": 0.9936708860759493, "recall": 0.9921011058451816, "f1-score": 0.9928853754940712, "support": 633.0}, "PRICES,positive": {"precision": 0.9965229485396384, "recall": 0.9944482997918113, "f1-score": 0.995484543244182, "support": 1441.0}, "QUALITY,None": {"precision": 0.9880686055182699, "recall": 0.9888059701492538, "f1-score": 0.9884371503170459, "support": 1340.0}, "QUALITY,negative": {"precision": 0.9788461538461538, "recall": 0.9826254826254827, "f1-score": 0.9807321772639692, "support": 518.0}, "QUALITY,neutral": {"precision": 0.9728915662650602, "recall": 0.9641791044776119, "f1-score": 0.9685157421289355, "support": 335.0}, "QUALITY,positive": {"precision": 0.9944767441860465, "recall": 0.9944767441860465, "f1-score": 0.9944767441860465, "support": 3440.0}, "SERVICE,None": {"precision": 0.9983198924731183, "recall": 0.9989912575655683, "f1-score": 0.998655462184874, "support": 2974.0}, "SERVICE,negative": {"precision": 0.9822485207100592, "recall": 0.9822485207100592, "f1-score": 0.9822485207100592, "support": 338.0}, "SERVICE,neutral": {"precision": 0.9526627218934911, "recall": 0.930635838150289, "f1-score": 0.9415204678362573, "support": 173.0}, "SERVICE,positive": {"precision": 0.9958139534883721, "recall": 0.9967411545623837, "f1-score": 0.9962773382968823, "support": 2148.0}, "accuracy": 0.9937156044736375, "macro avg": {"precision": 0.9828345834457937, "recall": 0.9802664554017488, "f1-score": 0.9815318620107506, "support": 28165.0}, "weighted avg": {"precision": 0.9937008318919425, "recall": 0.9937156044736375, "f1-score": 0.9937053529137924, "support": 28165.0}, "static_polor_test": {"AMBIENCE,None": 4169, "AMBIENCE,negative": 470, "AMBIENCE,neutral": 153, "AMBIENCE,positive": 841, "LOCATION,None": 4084, "LOCATION,negative": 224, "LOCATION,neutral": 219, "LOCATION,positive": 1106, "PRICES,None": 3200, "PRICES,negative": 359, "PRICES,neutral": 633, "PRICES,positive": 1441, "QUALITY,None": 1340, "QUALITY,negative": 518, "QUALITY,neutral": 335, "QUALITY,positive": 3440, "SERVICE,None": 2974, "SERVICE,negative": 338, "SERVICE,neutral": 173, "SERVICE,positive": 2148}, "static_polar_pred": {"AMBIENCE,None": 4166, "AMBIENCE,negative": 475, "AMBIENCE,neutral": 149, "AMBIENCE,positive": 843, "LOCATION,None": 4086, "LOCATION,negative": 222, "LOCATION,neutral": 218, "LOCATION,positive": 1107, "PRICES,None": 3204, "PRICES,negative": 359, "PRICES,neutral": 632, "PRICES,positive": 1438, "QUALITY,None": 1341, "QUALITY,negative": 520, "QUALITY,neutral": 332, "QUALITY,positive": 3440, "SERVICE,None": 2976, "SERVICE,negative": 338, "SERVICE,neutral": 169, "SERVICE,positive": 2150}}