{"AMBIENCE,None": {"precision": 0.9921203438395415, "recall": 0.9966418805468937, "f1-score": 0.9943759722388417, "support": 4169.0}, "AMBIENCE,negative": {"precision": 0.9149377593360996, "recall": 0.9382978723404255, "f1-score": 0.9264705882352942, "support": 470.0}, "AMBIENCE,neutral": {"precision": 0.8495575221238938, "recall": 0.6274509803921569, "f1-score": 0.7218045112781954, "support": 153.0}, "AMBIENCE,positive": {"precision": 0.9682352941176471, "recall": 0.9785969084423306, "f1-score": 0.9733885274985216, "support": 841.0}, "LOCATION,None": {"precision": 0.9919747081712063, "recall": 0.9987757100881489, "f1-score": 0.9953635919960957, "support": 4084.0}, "LOCATION,negative": {"precision": 0.9417040358744395, "recall": 0.9375, "f1-score": 0.9395973154362416, "support": 224.0}, "LOCATION,neutral": {"precision": 0.9591836734693877, "recall": 0.8584474885844748, "f1-score": 0.9060240963855422, "support": 219.0}, "LOCATION,positive": {"precision": 0.9818511796733213, "recall": 0.9783001808318263, "f1-score": 0.980072463768116, "support": 1106.0}, "PRICES,None": {"precision": 0.9912935323383084, "recall": 0.99625, "f1-score": 0.9937655860349127, "support": 3200.0}, "PRICES,negative": {"precision": 0.9710982658959537, "recall": 0.935933147632312, "f1-score": 0.9531914893617022, "support": 359.0}, "PRICES,neutral": {"precision": 0.9666666666666667, "recall": 0.9620853080568721, "f1-score": 0.9643705463182898, "support": 633.0}, "PRICES,positive": {"precision": 0.9840388619014573, "recall": 0.9840388619014573, "f1-score": 0.9840388619014573, "support": 1441.0}, "QUALITY,None": {"precision": 0.9740548554484804, "recall": 0.9805970149253731, "f1-score": 0.9773149869840089, "support": 1340.0}, "QUALITY,negative": {"precision": 0.9614604462474645, "recall": 0.915057915057915, "f1-score": 0.9376854599406528, "support": 518.0}, "QUALITY,neutral": {"precision": 0.9444444444444444, "recall": 0.8626865671641791, "f1-score": 0.9017160686427457, "support": 335.0}, "QUALITY,positive": {"precision": 0.9824964131994262, "recall": 0.9953488372093023, "f1-score": 0.9888808664259928, "support": 3440.0}, "SERVICE,None": {"precision": 0.9929718875502008, "recall": 0.9976462676529926, "f1-score": 0.9953035893995303, "support": 2974.0}, "SERVICE,negative": {"precision": 0.9526627218934911, "recall": 0.9526627218934911, "f1-score": 0.9526627218934911, "support": 338.0}, "SERVICE,neutral": {"precision": 0.9403973509933775, "recall": 0.8208092485549133, "f1-score": 0.8765432098765432, "support": 173.0}, "SERVICE,positive": {"precision": 0.9893320964749536, "recall": 0.9930167597765364, "f1-score": 0.9911710037174721, "support": 2148.0}, "accuracy": 0.9831350967512871, "macro avg": {"precision": 0.9625241029829882, "recall": 0.9355071835525802, "f1-score": 0.9476870728666824, "support": 28165.0}, "weighted avg": {"precision": 0.98283601321584, "recall": 0.9831350967512871, "f1-score": 0.9827983359943359, "support": 28165.0}, "static_polor_test": {"AMBIENCE,None": 4169, "AMBIENCE,negative": 470, "AMBIENCE,neutral": 153, "AMBIENCE,positive": 841, "LOCATION,None": 4084, "LOCATION,negative": 224, "LOCATION,neutral": 219, "LOCATION,positive": 1106, "PRICES,None": 3200, "PRICES,negative": 359, "PRICES,neutral": 633, "PRICES,positive": 1441, "QUALITY,None": 1340, "QUALITY,negative": 518, "QUALITY,neutral": 335, "QUALITY,positive": 3440, "SERVICE,None": 2974, "SERVICE,negative": 338, "SERVICE,neutral": 173, "SERVICE,positive": 2148}, "static_polar_pred": {"AMBIENCE,None": 4188, "AMBIENCE,negative": 482, "AMBIENCE,neutral": 113, "AMBIENCE,positive": 850, "LOCATION,None": 4112, "LOCATION,negative": 223, "LOCATION,neutral": 196, "LOCATION,positive": 1102, "PRICES,None": 3216, "PRICES,negative": 346, "PRICES,neutral": 630, "PRICES,positive": 1441, "QUALITY,None": 1349, "QUALITY,negative": 493, "QUALITY,neutral": 306, "QUALITY,positive": 3485, "SERVICE,None": 2988, "SERVICE,negative": 338, "SERVICE,neutral": 151, "SERVICE,positive": 2156}}