{"AMBIENCE,None": {"precision": 0.99784276126558, "recall": 0.9985608059486687, "f1-score": 0.9982016544778803, "support": 4169.0}, "AMBIENCE,negative": {"precision": 0.9914893617021276, "recall": 0.9914893617021276, "f1-score": 0.9914893617021276, "support": 470.0}, "AMBIENCE,neutral": {"precision": 0.9933774834437086, "recall": 0.9803921568627451, "f1-score": 0.9868421052631579, "support": 153.0}, "AMBIENCE,positive": {"precision": 0.9940476190476191, "recall": 0.9928656361474435, "f1-score": 0.9934562760261749, "support": 841.0}, "LOCATION,None": {"precision": 0.9982885085574572, "recall": 0.9997551420176298, "f1-score": 0.9990212870075851, "support": 4084.0}, "LOCATION,negative": {"precision": 0.9911111111111112, "recall": 0.9955357142857143, "f1-score": 0.9933184855233853, "support": 224.0}, "LOCATION,neutral": {"precision": 1.0, "recall": 0.9954337899543378, "f1-score": 0.9977116704805492, "support": 219.0}, "LOCATION,positive": {"precision": 1.0, "recall": 0.9945750452079566, "f1-score": 0.9972801450589301, "support": 1106.0}, "PRICES,None": {"precision": 0.9987503905029679, "recall": 0.9990625, "f1-score": 0.9989064208717388, "support": 3200.0}, "PRICES,negative": {"precision": 0.9971830985915493, "recall": 0.9860724233983287, "f1-score": 0.9915966386554622, "support": 359.0}, "PRICES,neutral": {"precision": 0.9968404423380727, "recall": 0.9968404423380727, "f1-score": 0.9968404423380727, "support": 633.0}, "PRICES,positive": {"precision": 0.9944598337950139, "recall": 0.9965301873698821, "f1-score": 0.9954939341421144, "support": 1441.0}, "QUALITY,None": {"precision": 0.996274217585693, "recall": 0.9977611940298508, "f1-score": 0.9970171513795675, "support": 1340.0}, "QUALITY,negative": {"precision": 0.9961240310077519, "recall": 0.9922779922779923, "f1-score": 0.9941972920696325, "support": 518.0}, "QUALITY,neutral": {"precision": 0.993993993993994, "recall": 0.9880597014925373, "f1-score": 0.9910179640718563, "support": 335.0}, "QUALITY,positive": {"precision": 0.9985473561882626, "recall": 0.9991279069767441, "f1-score": 0.998837547224644, "support": 3440.0}, "SERVICE,None": {"precision": 0.9989915966386554, "recall": 0.9993275050437121, "f1-score": 0.9991595226088418, "support": 2974.0}, "SERVICE,negative": {"precision": 0.9970326409495549, "recall": 0.9940828402366864, "f1-score": 0.9955555555555555, "support": 338.0}, "SERVICE,neutral": {"precision": 0.9826589595375722, "recall": 0.9826589595375722, "f1-score": 0.9826589595375722, "support": 173.0}, "SERVICE,positive": {"precision": 0.9986033519553073, "recall": 0.9986033519553073, "f1-score": 0.9986033519553073, "support": 2148.0}, "accuracy": 0.9976211610154447, "macro avg": {"precision": 0.9957808379106, "recall": 0.9939506328391655, "f1-score": 0.9948602882975079, "support": 28165.0}, "weighted avg": {"precision": 0.9976212202587939, "recall": 0.9976211610154447, "f1-score": 0.9976197869223455, "support": 28165.0}, "static_polor_test": {"AMBIENCE,None": 4169, "AMBIENCE,negative": 470, "AMBIENCE,neutral": 153, "AMBIENCE,positive": 841, "LOCATION,None": 4084, "LOCATION,negative": 224, "LOCATION,neutral": 219, "LOCATION,positive": 1106, "PRICES,None": 3200, "PRICES,negative": 359, "PRICES,neutral": 633, "PRICES,positive": 1441, "QUALITY,None": 1340, "QUALITY,negative": 518, "QUALITY,neutral": 335, "QUALITY,positive": 3440, "SERVICE,None": 2974, "SERVICE,negative": 338, "SERVICE,neutral": 173, "SERVICE,positive": 2148}, "static_polar_pred": {"AMBIENCE,None": 4172, "AMBIENCE,negative": 470, "AMBIENCE,neutral": 151, "AMBIENCE,positive": 840, "LOCATION,None": 4090, "LOCATION,negative": 225, "LOCATION,neutral": 218, "LOCATION,positive": 1100, "PRICES,None": 3201, "PRICES,negative": 355, "PRICES,neutral": 633, "PRICES,positive": 1444, "QUALITY,None": 1342, "QUALITY,negative": 516, "QUALITY,neutral": 333, "QUALITY,positive": 3442, "SERVICE,None": 2975, "SERVICE,negative": 337, "SERVICE,neutral": 173, "SERVICE,positive": 2148}}