{"AMBIENCE,None": {"precision": 0.9368396876435462, "recall": 0.9784120892300312, "f1-score": 0.9571747037428135, "support": 4169.0}, "AMBIENCE,negative": {"precision": 0.7828054298642534, "recall": 0.7361702127659574, "f1-score": 0.7587719298245614, "support": 470.0}, "AMBIENCE,neutral": {"precision": 0.5625, "recall": 0.11764705882352941, "f1-score": 0.1945945945945946, "support": 153.0}, "AMBIENCE,positive": {"precision": 0.8360248447204969, "recall": 0.8002378121284186, "f1-score": 0.8177399756986634, "support": 841.0}, "LOCATION,None": {"precision": 0.956407813244402, "recall": 0.9831047992164544, "f1-score": 0.9695725670127988, "support": 4084.0}, "LOCATION,negative": {"precision": 0.7028571428571428, "recall": 0.5491071428571429, "f1-score": 0.6165413533834586, "support": 224.0}, "LOCATION,neutral": {"precision": 0.6390977443609023, "recall": 0.3881278538812785, "f1-score": 0.48295454545454547, "support": 219.0}, "LOCATION,positive": {"precision": 0.8722271517302573, "recall": 0.8887884267631103, "f1-score": 0.8804299149126735, "support": 1106.0}, "PRICES,None": {"precision": 0.9619631901840491, "recall": 0.98, "f1-score": 0.9708978328173374, "support": 3200.0}, "PRICES,negative": {"precision": 0.8025078369905956, "recall": 0.713091922005571, "f1-score": 0.7551622418879056, "support": 359.0}, "PRICES,neutral": {"precision": 0.7772511848341233, "recall": 0.7772511848341233, "f1-score": 0.7772511848341233, "support": 633.0}, "PRICES,positive": {"precision": 0.8951442646023927, "recall": 0.8827203331020125, "f1-score": 0.8888888888888888, "support": 1441.0}, "QUALITY,None": {"precision": 0.8043795620437956, "recall": 0.8223880597014925, "f1-score": 0.8132841328413284, "support": 1340.0}, "QUALITY,negative": {"precision": 0.6962305986696231, "recall": 0.6061776061776062, "f1-score": 0.6480908152734778, "support": 518.0}, "QUALITY,neutral": {"precision": 0.6458333333333334, "recall": 0.27761194029850744, "f1-score": 0.3883089770354906, "support": 335.0}, "QUALITY,positive": {"precision": 0.8865866957470011, "recall": 0.9453488372093023, "f1-score": 0.9150253235790659, "support": 3440.0}, "SERVICE,None": {"precision": 0.9502780503761858, "recall": 0.9767989240080699, "f1-score": 0.9633559940308406, "support": 2974.0}, "SERVICE,negative": {"precision": 0.7392638036809815, "recall": 0.7130177514792899, "f1-score": 0.7259036144578314, "support": 338.0}, "SERVICE,neutral": {"precision": 0.5555555555555556, "recall": 0.057803468208092484, "f1-score": 0.10471204188481675, "support": 173.0}, "SERVICE,positive": {"precision": 0.9238351254480287, "recall": 0.9599627560521415, "f1-score": 0.9415525114155251, "support": 2148.0}, "accuracy": 0.9038522989526008, "macro avg": {"precision": 0.7963794507943333, "recall": 0.7076884089371066, "f1-score": 0.7285106571785369, "support": 28165.0}, "weighted avg": {"precision": 0.8961597254760828, "recall": 0.9038522989526008, "f1-score": 0.8963973840874897, "support": 28165.0}, "static_polor_test": {"AMBIENCE,None": 4169, "AMBIENCE,negative": 470, "AMBIENCE,neutral": 153, "AMBIENCE,positive": 841, "LOCATION,None": 4084, "LOCATION,negative": 224, "LOCATION,neutral": 219, "LOCATION,positive": 1106, "PRICES,None": 3200, "PRICES,negative": 359, "PRICES,neutral": 633, "PRICES,positive": 1441, "QUALITY,None": 1340, "QUALITY,negative": 518, "QUALITY,neutral": 335, "QUALITY,positive": 3440, "SERVICE,None": 2974, "SERVICE,negative": 338, "SERVICE,neutral": 173, "SERVICE,positive": 2148}, "static_polar_pred": {"AMBIENCE,None": 4354, "AMBIENCE,negative": 442, "AMBIENCE,neutral": 32, "AMBIENCE,positive": 805, "LOCATION,None": 4198, "LOCATION,negative": 175, "LOCATION,neutral": 133, "LOCATION,positive": 1127, "PRICES,None": 3260, "PRICES,negative": 319, "PRICES,neutral": 633, "PRICES,positive": 1421, "QUALITY,None": 1370, "QUALITY,negative": 451, "QUALITY,neutral": 144, "QUALITY,positive": 3668, "SERVICE,None": 3057, "SERVICE,negative": 326, "SERVICE,neutral": 18, "SERVICE,positive": 2232}}