{"AMBIENCE,None": {"precision": 0.9992805755395684, "recall": 0.9995202686495562, "f1-score": 0.9994004077227485, "support": 4169.0}, "AMBIENCE,negative": {"precision": 0.9873417721518988, "recall": 0.9957446808510638, "f1-score": 0.9915254237288136, "support": 470.0}, "AMBIENCE,neutral": {"precision": 0.98, "recall": 0.9607843137254902, "f1-score": 0.9702970297029703, "support": 153.0}, "AMBIENCE,positive": {"precision": 0.9964243146603099, "recall": 0.9940546967895363, "f1-score": 0.9952380952380953, "support": 841.0}, "LOCATION,None": {"precision": 0.9990208078335373, "recall": 0.9992654260528894, "f1-score": 0.9991431019708654, "support": 4084.0}, "LOCATION,negative": {"precision": 1.0, "recall": 0.9910714285714286, "f1-score": 0.9955156950672646, "support": 224.0}, "LOCATION,neutral": {"precision": 0.9954545454545455, "recall": 1.0, "f1-score": 0.9977220956719818, "support": 219.0}, "LOCATION,positive": {"precision": 0.9972875226039783, "recall": 0.9972875226039783, "f1-score": 0.9972875226039783, "support": 1106.0}, "PRICES,None": {"precision": 0.9987507807620237, "recall": 0.999375, "f1-score": 0.9990627928772259, "support": 3200.0}, "PRICES,negative": {"precision": 0.9972067039106145, "recall": 0.9944289693593314, "f1-score": 0.99581589958159, "support": 359.0}, "PRICES,neutral": {"precision": 0.9936808846761453, "recall": 0.9936808846761453, "f1-score": 0.9936808846761453, "support": 633.0}, "PRICES,positive": {"precision": 0.9972222222222222, "recall": 0.9965301873698821, "f1-score": 0.996876084692815, "support": 1441.0}, "QUALITY,None": {"precision": 0.9947877885331348, "recall": 0.9970149253731343, "f1-score": 0.9959001118151323, "support": 1340.0}, "QUALITY,negative": {"precision": 0.9922928709055877, "recall": 0.9942084942084942, "f1-score": 0.9932497589199615, "support": 518.0}, "QUALITY,neutral": {"precision": 0.9939759036144579, "recall": 0.9850746268656716, "f1-score": 0.9895052473763118, "support": 335.0}, "QUALITY,positive": {"precision": 0.9985460889793545, "recall": 0.9982558139534884, "f1-score": 0.998400930367786, "support": 3440.0}, "SERVICE,None": {"precision": 0.9996638655462184, "recall": 1.0, "f1-score": 0.9998319045217684, "support": 2974.0}, "SERVICE,negative": {"precision": 0.9941002949852508, "recall": 0.9970414201183432, "f1-score": 0.9955686853766618, "support": 338.0}, "SERVICE,neutral": {"precision": 0.9824561403508771, "recall": 0.9710982658959537, "f1-score": 0.9767441860465116, "support": 173.0}, "SERVICE,positive": {"precision": 0.9986033519553073, "recall": 0.9986033519553073, "f1-score": 0.9986033519553073, "support": 2148.0}, "accuracy": 0.9977631812533286, "macro avg": {"precision": 0.9948048217342516, "recall": 0.9931520138509846, "f1-score": 0.9939684604956968, "support": 28165.0}, "weighted avg": {"precision": 0.9977618185215686, "recall": 0.9977631812533286, "f1-score": 0.9977608494963304, "support": 28165.0}, "static_polor_test": {"AMBIENCE,None": 4169, "AMBIENCE,negative": 470, "AMBIENCE,neutral": 153, "AMBIENCE,positive": 841, "LOCATION,None": 4084, "LOCATION,negative": 224, "LOCATION,neutral": 219, "LOCATION,positive": 1106, "PRICES,None": 3200, "PRICES,negative": 359, "PRICES,neutral": 633, "PRICES,positive": 1441, "QUALITY,None": 1340, "QUALITY,negative": 518, "QUALITY,neutral": 335, "QUALITY,positive": 3440, "SERVICE,None": 2974, "SERVICE,negative": 338, "SERVICE,neutral": 173, "SERVICE,positive": 2148}, "static_polar_pred": {"AMBIENCE,None": 4170, "AMBIENCE,negative": 474, "AMBIENCE,neutral": 150, "AMBIENCE,positive": 839, "LOCATION,None": 4085, "LOCATION,negative": 222, "LOCATION,neutral": 220, "LOCATION,positive": 1106, "PRICES,None": 3202, "PRICES,negative": 358, "PRICES,neutral": 633, "PRICES,positive": 1440, "QUALITY,None": 1343, "QUALITY,negative": 519, "QUALITY,neutral": 332, "QUALITY,positive": 3439, "SERVICE,None": 2975, "SERVICE,negative": 339, "SERVICE,neutral": 171, "SERVICE,positive": 2148}}