{"AMBIENCE,None": {"precision": 0.9968862275449102, "recall": 0.9983209402734469, "f1-score": 0.9976030680728667, "support": 4169.0}, "AMBIENCE,negative": {"precision": 0.9913232104121475, "recall": 0.9723404255319149, "f1-score": 0.9817400644468314, "support": 470.0}, "AMBIENCE,neutral": {"precision": 0.9612903225806452, "recall": 0.9738562091503268, "f1-score": 0.9675324675324676, "support": 153.0}, "AMBIENCE,positive": {"precision": 0.9916864608076009, "recall": 0.9928656361474435, "f1-score": 0.9922756981580511, "support": 841.0}, "LOCATION,None": {"precision": 0.9960908868800391, "recall": 0.9982859941234085, "f1-score": 0.9971872324813501, "support": 4084.0}, "LOCATION,negative": {"precision": 0.9822222222222222, "recall": 0.9866071428571429, "f1-score": 0.9844097995545658, "support": 224.0}, "LOCATION,neutral": {"precision": 0.9905660377358491, "recall": 0.958904109589041, "f1-score": 0.974477958236659, "support": 219.0}, "LOCATION,positive": {"precision": 0.9936536718041704, "recall": 0.9909584086799277, "f1-score": 0.9923042100497963, "support": 1106.0}, "PRICES,None": {"precision": 0.9971910112359551, "recall": 0.9984375, "f1-score": 0.9978138663335415, "support": 3200.0}, "PRICES,negative": {"precision": 0.9914285714285714, "recall": 0.9665738161559888, "f1-score": 0.9788434414668548, "support": 359.0}, "PRICES,neutral": {"precision": 0.988976377952756, "recall": 0.9921011058451816, "f1-score": 0.9905362776025236, "support": 633.0}, "PRICES,positive": {"precision": 0.9916897506925207, "recall": 0.9937543372657877, "f1-score": 0.9927209705372617, "support": 1441.0}, "QUALITY,None": {"precision": 0.9896142433234422, "recall": 0.9955223880597015, "f1-score": 0.9925595238095238, "support": 1340.0}, "QUALITY,negative": {"precision": 0.9883495145631068, "recall": 0.9826254826254827, "f1-score": 0.9854791868344628, "support": 518.0}, "QUALITY,neutral": {"precision": 0.9878787878787879, "recall": 0.9731343283582089, "f1-score": 0.9804511278195489, "support": 335.0}, "QUALITY,positive": {"precision": 0.9959302325581395, "recall": 0.9959302325581395, "f1-score": 0.9959302325581395, "support": 3440.0}, "SERVICE,None": {"precision": 0.9986559139784946, "recall": 0.9993275050437121, "f1-score": 0.9989915966386554, "support": 2974.0}, "SERVICE,negative": {"precision": 0.9823008849557522, "recall": 0.985207100591716, "f1-score": 0.983751846381093, "support": 338.0}, "SERVICE,neutral": {"precision": 0.9593023255813954, "recall": 0.953757225433526, "f1-score": 0.9565217391304348, "support": 173.0}, "SERVICE,positive": {"precision": 0.9972041006523765, "recall": 0.9962756052141527, "f1-score": 0.9967396367023754, "support": 2148.0}, "accuracy": 0.9946387360198828, "macro avg": {"precision": 0.988612037739444, "recall": 0.9852392746752126, "f1-score": 0.9868934972173502, "support": 28165.0}, "weighted avg": {"precision": 0.9946364958259647, "recall": 0.9946387360198828, "f1-score": 0.9946299919759866, "support": 28165.0}, "static_polor_test": {"AMBIENCE,None": 4169, "AMBIENCE,negative": 470, "AMBIENCE,neutral": 153, "AMBIENCE,positive": 841, "LOCATION,None": 4084, "LOCATION,negative": 224, "LOCATION,neutral": 219, "LOCATION,positive": 1106, "PRICES,None": 3200, "PRICES,negative": 359, "PRICES,neutral": 633, "PRICES,positive": 1441, "QUALITY,None": 1340, "QUALITY,negative": 518, "QUALITY,neutral": 335, "QUALITY,positive": 3440, "SERVICE,None": 2974, "SERVICE,negative": 338, "SERVICE,neutral": 173, "SERVICE,positive": 2148}, "static_polar_pred": {"AMBIENCE,None": 4175, "AMBIENCE,negative": 461, "AMBIENCE,neutral": 155, "AMBIENCE,positive": 842, "LOCATION,None": 4093, "LOCATION,negative": 225, "LOCATION,neutral": 212, "LOCATION,positive": 1103, "PRICES,None": 3204, "PRICES,negative": 350, "PRICES,neutral": 635, "PRICES,positive": 1444, "QUALITY,None": 1348, "QUALITY,negative": 515, "QUALITY,neutral": 330, "QUALITY,positive": 3440, "SERVICE,None": 2976, "SERVICE,negative": 339, "SERVICE,neutral": 172, "SERVICE,positive": 2146}}