{"AMBIENCE,None": {"precision": 0.7914218566392479, "recall": 0.9692971935715999, "f1-score": 0.8713746630727763, "support": 4169.0}, "AMBIENCE,negative": {"precision": 0.4672131147540984, "recall": 0.12127659574468085, "f1-score": 0.19256756756756757, "support": 470.0}, "AMBIENCE,neutral": {"precision": 1.0, "recall": 0.0, "f1-score": 0.0, "support": 153.0}, "AMBIENCE,positive": {"precision": 0.5481481481481482, "recall": 0.26397146254458975, "f1-score": 0.3563402889245586, "support": 841.0}, "LOCATION,None": {"precision": 0.8489393614741804, "recall": 0.9701273261508325, "f1-score": 0.9054965146840361, "support": 4084.0}, "LOCATION,negative": {"precision": 1.0, "recall": 0.0, "f1-score": 0.0, "support": 224.0}, "LOCATION,neutral": {"precision": 1.0, "recall": 0.0, "f1-score": 0.0, "support": 219.0}, "LOCATION,positive": {"precision": 0.7391304347826086, "recall": 0.6455696202531646, "f1-score": 0.6891891891891891, "support": 1106.0}, "PRICES,None": {"precision": 0.8927225282690635, "recall": 0.9621875, "f1-score": 0.9261543089186344, "support": 3200.0}, "PRICES,negative": {"precision": 0.4489795918367347, "recall": 0.06128133704735376, "f1-score": 0.10784313725490197, "support": 359.0}, "PRICES,neutral": {"precision": 0.5038363171355499, "recall": 0.31121642969984203, "f1-score": 0.384765625, "support": 633.0}, "PRICES,positive": {"precision": 0.658256880733945, "recall": 0.7966689798750868, "f1-score": 0.7208791208791209, "support": 1441.0}, "QUALITY,None": {"precision": 0.5809199318568995, "recall": 0.508955223880597, "f1-score": 0.5425616547334925, "support": 1340.0}, "QUALITY,negative": {"precision": 0.47540983606557374, "recall": 0.2799227799227799, "f1-score": 0.35236938031591736, "support": 518.0}, "QUALITY,neutral": {"precision": 1.0, "recall": 0.0, "f1-score": 0.0, "support": 335.0}, "QUALITY,positive": {"precision": 0.7306210881078479, "recall": 0.8822674418604651, "f1-score": 0.7993152488806953, "support": 3440.0}, "SERVICE,None": {"precision": 0.9109455958549223, "recall": 0.9458641560188299, "f1-score": 0.9280765423952491, "support": 2974.0}, "SERVICE,negative": {"precision": 0.5932835820895522, "recall": 0.47041420118343197, "f1-score": 0.5247524752475248, "support": 338.0}, "SERVICE,neutral": {"precision": 1.0, "recall": 0.0, "f1-score": 0.0, "support": 173.0}, "SERVICE,positive": {"precision": 0.8590250329380764, "recall": 0.9106145251396648, "f1-score": 0.8840677966101695, "support": 2148.0}, "accuracy": 0.7893484821587076, "macro avg": {"precision": 0.7524426650343224, "recall": 0.45498173864464597, "f1-score": 0.4592876756836917, "support": 28165.0}, "weighted avg": {"precision": 0.7792238160210182, "recall": 0.7893484821587076, "f1-score": 0.7549668688536626, "support": 28165.0}, "static_polor_test": {"AMBIENCE,None": 4169, "AMBIENCE,negative": 470, "AMBIENCE,neutral": 153, "AMBIENCE,positive": 841, "LOCATION,None": 4084, "LOCATION,negative": 224, "LOCATION,neutral": 219, "LOCATION,positive": 1106, "PRICES,None": 3200, "PRICES,negative": 359, "PRICES,neutral": 633, "PRICES,positive": 1441, "QUALITY,None": 1340, "QUALITY,negative": 518, "QUALITY,neutral": 335, "QUALITY,positive": 3440, "SERVICE,None": 2974, "SERVICE,negative": 338, "SERVICE,neutral": 173, "SERVICE,positive": 2148}, "static_polar_pred": {"AMBIENCE,None": 5106, "AMBIENCE,negative": 122, "AMBIENCE,positive": 405, "LOCATION,None": 4667, "LOCATION,positive": 966, "PRICES,None": 3449, "PRICES,negative": 49, "PRICES,neutral": 391, "PRICES,positive": 1744, "QUALITY,None": 1174, "QUALITY,negative": 305, "QUALITY,positive": 4154, "SERVICE,None": 3088, "SERVICE,negative": 268, "SERVICE,positive": 2277}}