{"AMBIENCE,None": {"precision": 0.9942679722951995, "recall": 0.9985608059486687, "f1-score": 0.9964097654380086, "support": 4169.0}, "AMBIENCE,negative": {"precision": 0.9613733905579399, "recall": 0.9531914893617022, "f1-score": 0.9572649572649573, "support": 470.0}, "AMBIENCE,neutral": {"precision": 0.9197080291970803, "recall": 0.8235294117647058, "f1-score": 0.8689655172413793, "support": 153.0}, "AMBIENCE,positive": {"precision": 0.9833926453143536, "recall": 0.985731272294887, "f1-score": 0.9845605700712589, "support": 841.0}, "LOCATION,None": {"precision": 0.9936631732878382, "recall": 0.9982859941234085, "f1-score": 0.9959692194943203, "support": 4084.0}, "LOCATION,negative": {"precision": 0.9502262443438914, "recall": 0.9375, "f1-score": 0.9438202247191011, "support": 224.0}, "LOCATION,neutral": {"precision": 0.9523809523809523, "recall": 0.91324200913242, "f1-score": 0.9324009324009324, "support": 219.0}, "LOCATION,positive": {"precision": 0.9899909008189263, "recall": 0.9837251356238698, "f1-score": 0.9868480725623583, "support": 1106.0}, "PRICES,None": {"precision": 0.9928482587064676, "recall": 0.9978125, "f1-score": 0.9953241895261845, "support": 3200.0}, "PRICES,negative": {"precision": 0.9798270893371758, "recall": 0.947075208913649, "f1-score": 0.9631728045325779, "support": 359.0}, "PRICES,neutral": {"precision": 0.9777070063694268, "recall": 0.9699842022116903, "f1-score": 0.9738302934179223, "support": 633.0}, "PRICES,positive": {"precision": 0.9889042995839112, "recall": 0.9895905621096461, "f1-score": 0.989247311827957, "support": 1441.0}, "QUALITY,None": {"precision": 0.9806114839671887, "recall": 0.9813432835820896, "f1-score": 0.9809772472957852, "support": 1340.0}, "QUALITY,negative": {"precision": 0.9516441005802708, "recall": 0.9498069498069498, "f1-score": 0.9507246376811594, "support": 518.0}, "QUALITY,neutral": {"precision": 0.970873786407767, "recall": 0.8955223880597015, "f1-score": 0.9316770186335404, "support": 335.0}, "QUALITY,positive": {"precision": 0.9875937680323139, "recall": 0.9950581395348838, "f1-score": 0.9913119026933102, "support": 3440.0}, "SERVICE,None": {"precision": 0.9946272666218939, "recall": 0.995965030262273, "f1-score": 0.9952956989247311, "support": 2974.0}, "SERVICE,negative": {"precision": 0.9523809523809523, "recall": 0.9467455621301775, "f1-score": 0.9495548961424333, "support": 338.0}, "SERVICE,neutral": {"precision": 0.9308176100628931, "recall": 0.8554913294797688, "f1-score": 0.891566265060241, "support": 173.0}, "SERVICE,positive": {"precision": 0.9898148148148148, "recall": 0.9953445065176909, "f1-score": 0.9925719591457753, "support": 2148.0}, "accuracy": 0.987466714006746, "macro avg": {"precision": 0.9721326872530629, "recall": 0.9556752890429092, "f1-score": 0.9635746742036968, "support": 28165.0}, "weighted avg": {"precision": 0.9873445011509293, "recall": 0.987466714006746, "f1-score": 0.9873505525292019, "support": 28165.0}, "static_polor_test": {"AMBIENCE,None": 4169, "AMBIENCE,negative": 470, "AMBIENCE,neutral": 153, "AMBIENCE,positive": 841, "LOCATION,None": 4084, "LOCATION,negative": 224, "LOCATION,neutral": 219, "LOCATION,positive": 1106, "PRICES,None": 3200, "PRICES,negative": 359, "PRICES,neutral": 633, "PRICES,positive": 1441, "QUALITY,None": 1340, "QUALITY,negative": 518, "QUALITY,neutral": 335, "QUALITY,positive": 3440, "SERVICE,None": 2974, "SERVICE,negative": 338, "SERVICE,neutral": 173, "SERVICE,positive": 2148}, "static_polar_pred": {"AMBIENCE,None": 4187, "AMBIENCE,negative": 466, "AMBIENCE,neutral": 137, "AMBIENCE,positive": 843, "LOCATION,None": 4103, "LOCATION,negative": 221, "LOCATION,neutral": 210, "LOCATION,positive": 1099, "PRICES,None": 3216, "PRICES,negative": 347, "PRICES,neutral": 628, "PRICES,positive": 1442, "QUALITY,None": 1341, "QUALITY,negative": 517, "QUALITY,neutral": 309, "QUALITY,positive": 3466, "SERVICE,None": 2978, "SERVICE,negative": 336, "SERVICE,neutral": 159, "SERVICE,positive": 2160}}