{"AMBIENCE,None": {"precision": 0.9966450994488377, "recall": 0.9976013432477813, "f1-score": 0.9971229920882282, "support": 4169.0}, "AMBIENCE,negative": {"precision": 0.972457627118644, "recall": 0.9765957446808511, "f1-score": 0.9745222929936306, "support": 470.0}, "AMBIENCE,neutral": {"precision": 0.9533333333333334, "recall": 0.934640522875817, "f1-score": 0.9438943894389439, "support": 153.0}, "AMBIENCE,positive": {"precision": 0.9904534606205251, "recall": 0.9869203329369798, "f1-score": 0.98868374032162, "support": 841.0}, "LOCATION,None": {"precision": 0.9965778538254706, "recall": 0.9982859941234085, "f1-score": 0.9974311926605505, "support": 4084.0}, "LOCATION,negative": {"precision": 0.9910313901345291, "recall": 0.9866071428571429, "f1-score": 0.9888143176733781, "support": 224.0}, "LOCATION,neutral": {"precision": 0.9906103286384976, "recall": 0.9634703196347032, "f1-score": 0.9768518518518519, "support": 219.0}, "LOCATION,positive": {"precision": 0.9900542495479204, "recall": 0.9900542495479204, "f1-score": 0.9900542495479204, "support": 1106.0}, "PRICES,None": {"precision": 0.9943977591036415, "recall": 0.9984375, "f1-score": 0.996413535007017, "support": 3200.0}, "PRICES,negative": {"precision": 0.9942363112391931, "recall": 0.9610027855153204, "f1-score": 0.9773371104815864, "support": 359.0}, "PRICES,neutral": {"precision": 0.9796875, "recall": 0.990521327014218, "f1-score": 0.9850746268656716, "support": 633.0}, "PRICES,positive": {"precision": 0.9958129797627355, "recall": 0.9902845246356696, "f1-score": 0.9930410577592206, "support": 1441.0}, "QUALITY,None": {"precision": 0.9873793615441723, "recall": 0.9925373134328358, "f1-score": 0.9899516189058429, "support": 1340.0}, "QUALITY,negative": {"precision": 0.982725527831094, "recall": 0.9884169884169884, "f1-score": 0.9855630413859481, "support": 518.0}, "QUALITY,neutral": {"precision": 0.9968944099378882, "recall": 0.9582089552238806, "f1-score": 0.9771689497716894, "support": 335.0}, "QUALITY,positive": {"precision": 0.9959337786813826, "recall": 0.9968023255813954, "f1-score": 0.9963678628505013, "support": 3440.0}, "SERVICE,None": {"precision": 0.9973136333109469, "recall": 0.9986550100874243, "f1-score": 0.9979838709677419, "support": 2974.0}, "SERVICE,negative": {"precision": 0.9881305637982196, "recall": 0.985207100591716, "f1-score": 0.9866666666666667, "support": 338.0}, "SERVICE,neutral": {"precision": 0.9763313609467456, "recall": 0.953757225433526, "f1-score": 0.9649122807017544, "support": 173.0}, "SERVICE,positive": {"precision": 0.9958120055839925, "recall": 0.9962756052141527, "f1-score": 0.9960437514545032, "support": 2148.0}, "accuracy": 0.9937511095331085, "macro avg": {"precision": 0.9882909267203883, "recall": 0.9822141155525866, "f1-score": 0.9851949699697133, "support": 28165.0}, "weighted avg": {"precision": 0.9937507989585387, "recall": 0.9937511095331085, "f1-score": 0.9937375760556708, "support": 28165.0}, "static_polor_test": {"AMBIENCE,None": 4169, "AMBIENCE,negative": 470, "AMBIENCE,neutral": 153, "AMBIENCE,positive": 841, "LOCATION,None": 4084, "LOCATION,negative": 224, "LOCATION,neutral": 219, "LOCATION,positive": 1106, "PRICES,None": 3200, "PRICES,negative": 359, "PRICES,neutral": 633, "PRICES,positive": 1441, "QUALITY,None": 1340, "QUALITY,negative": 518, "QUALITY,neutral": 335, "QUALITY,positive": 3440, "SERVICE,None": 2974, "SERVICE,negative": 338, "SERVICE,neutral": 173, "SERVICE,positive": 2148}, "static_polar_pred": {"AMBIENCE,None": 4173, "AMBIENCE,negative": 472, "AMBIENCE,neutral": 150, "AMBIENCE,positive": 838, "LOCATION,None": 4091, "LOCATION,negative": 223, "LOCATION,neutral": 213, "LOCATION,positive": 1106, "PRICES,None": 3213, "PRICES,negative": 347, "PRICES,neutral": 640, "PRICES,positive": 1433, "QUALITY,None": 1347, "QUALITY,negative": 521, "QUALITY,neutral": 322, "QUALITY,positive": 3443, "SERVICE,None": 2978, "SERVICE,negative": 337, "SERVICE,neutral": 169, "SERVICE,positive": 2149}}