{"AMBIENCE,None": {"precision": 0.9973665310031122, "recall": 0.9992804029743344, "f1-score": 0.9983225497244189, "support": 4169.0}, "AMBIENCE,negative": {"precision": 0.9913793103448276, "recall": 0.9787234042553191, "f1-score": 0.9850107066381156, "support": 470.0}, "AMBIENCE,neutral": {"precision": 0.98, "recall": 0.9607843137254902, "f1-score": 0.9702970297029703, "support": 153.0}, "AMBIENCE,positive": {"precision": 0.9916864608076009, "recall": 0.9928656361474435, "f1-score": 0.9922756981580511, "support": 841.0}, "LOCATION,None": {"precision": 0.9970681651600293, "recall": 0.9992654260528894, "f1-score": 0.9981655864008805, "support": 4084.0}, "LOCATION,negative": {"precision": 0.995475113122172, "recall": 0.9821428571428571, "f1-score": 0.9887640449438202, "support": 224.0}, "LOCATION,neutral": {"precision": 1.0, "recall": 0.9817351598173516, "f1-score": 0.9907834101382489, "support": 219.0}, "LOCATION,positive": {"precision": 0.9954710144927537, "recall": 0.9936708860759493, "f1-score": 0.9945701357466064, "support": 1106.0}, "PRICES,None": {"precision": 0.9968808484092326, "recall": 0.99875, "f1-score": 0.9978145488604433, "support": 3200.0}, "PRICES,negative": {"precision": 0.9971428571428571, "recall": 0.9721448467966574, "f1-score": 0.9844851904090268, "support": 359.0}, "PRICES,neutral": {"precision": 0.9968354430379747, "recall": 0.995260663507109, "f1-score": 0.9960474308300395, "support": 633.0}, "PRICES,positive": {"precision": 0.9937716262975779, "recall": 0.9965301873698821, "f1-score": 0.9951489951489951, "support": 1441.0}, "QUALITY,None": {"precision": 0.9918458117123795, "recall": 0.9985074626865672, "f1-score": 0.995165489029379, "support": 1340.0}, "QUALITY,negative": {"precision": 0.9922480620155039, "recall": 0.9884169884169884, "f1-score": 0.9903288201160542, "support": 518.0}, "QUALITY,neutral": {"precision": 0.9907692307692307, "recall": 0.9611940298507463, "f1-score": 0.9757575757575757, "support": 335.0}, "QUALITY,positive": {"precision": 0.9968051118210862, "recall": 0.9976744186046511, "f1-score": 0.9972395757663809, "support": 3440.0}, "SERVICE,None": {"precision": 0.9976502181940249, "recall": 0.9993275050437121, "f1-score": 0.9984881572316479, "support": 2974.0}, "SERVICE,negative": {"precision": 0.9940119760479041, "recall": 0.9822485207100592, "f1-score": 0.9880952380952381, "support": 338.0}, "SERVICE,neutral": {"precision": 0.976878612716763, "recall": 0.976878612716763, "f1-score": 0.976878612716763, "support": 173.0}, "SERVICE,positive": {"precision": 0.9972054028877504, "recall": 0.9967411545623837, "f1-score": 0.9969732246798603, "support": 2148.0}, "accuracy": 0.9959879282797799, "macro avg": {"precision": 0.9935245897991392, "recall": 0.9876071238228576, "f1-score": 0.9905306010047257, "support": 28165.0}, "weighted avg": {"precision": 0.9959842472431664, "recall": 0.9959879282797799, "f1-score": 0.9959775083354013, "support": 28165.0}, "static_polor_test": {"AMBIENCE,None": 4169, "AMBIENCE,negative": 470, "AMBIENCE,neutral": 153, "AMBIENCE,positive": 841, "LOCATION,None": 4084, "LOCATION,negative": 224, "LOCATION,neutral": 219, "LOCATION,positive": 1106, "PRICES,None": 3200, "PRICES,negative": 359, "PRICES,neutral": 633, "PRICES,positive": 1441, "QUALITY,None": 1340, "QUALITY,negative": 518, "QUALITY,neutral": 335, "QUALITY,positive": 3440, "SERVICE,None": 2974, "SERVICE,negative": 338, "SERVICE,neutral": 173, "SERVICE,positive": 2148}, "static_polar_pred": {"AMBIENCE,None": 4177, "AMBIENCE,negative": 464, "AMBIENCE,neutral": 150, "AMBIENCE,positive": 842, "LOCATION,None": 4093, "LOCATION,negative": 221, "LOCATION,neutral": 215, "LOCATION,positive": 1104, "PRICES,None": 3206, "PRICES,negative": 350, "PRICES,neutral": 632, "PRICES,positive": 1445, "QUALITY,None": 1349, "QUALITY,negative": 516, "QUALITY,neutral": 325, "QUALITY,positive": 3443, "SERVICE,None": 2979, "SERVICE,negative": 334, "SERVICE,neutral": 173, "SERVICE,positive": 2147}}