{"AMBIENCE,None": {"precision": 0.9771265189421015, "recall": 0.9836891340849124, "f1-score": 0.9803968443700694, "support": 4169.0}, "AMBIENCE,negative": {"precision": 0.8288659793814434, "recall": 0.8553191489361702, "f1-score": 0.8418848167539267, "support": 470.0}, "AMBIENCE,neutral": {"precision": 0.6629213483146067, "recall": 0.38562091503267976, "f1-score": 0.48760330578512395, "support": 153.0}, "AMBIENCE,positive": {"precision": 0.894431554524362, "recall": 0.9167657550535078, "f1-score": 0.9054609512624779, "support": 841.0}, "LOCATION,None": {"precision": 0.9781976744186046, "recall": 0.9887365328109696, "f1-score": 0.9834388699464198, "support": 4084.0}, "LOCATION,negative": {"precision": 0.7639484978540773, "recall": 0.7946428571428571, "f1-score": 0.7789934354485777, "support": 224.0}, "LOCATION,neutral": {"precision": 0.7633136094674556, "recall": 0.589041095890411, "f1-score": 0.6649484536082474, "support": 219.0}, "LOCATION,positive": {"precision": 0.9383499546690843, "recall": 0.9358047016274864, "f1-score": 0.9370755998189226, "support": 1106.0}, "PRICES,None": {"precision": 0.9782811045609681, "recall": 0.9853125, "f1-score": 0.9817842129845866, "support": 3200.0}, "PRICES,negative": {"precision": 0.8603988603988604, "recall": 0.841225626740947, "f1-score": 0.8507042253521127, "support": 359.0}, "PRICES,neutral": {"precision": 0.8678343949044586, "recall": 0.8609794628751974, "f1-score": 0.8643933386201428, "support": 633.0}, "PRICES,positive": {"precision": 0.9357092941998603, "recall": 0.9292158223455933, "f1-score": 0.9324512534818942, "support": 1441.0}, "QUALITY,None": {"precision": 0.8933132982719759, "recall": 0.8873134328358209, "f1-score": 0.8903032572070385, "support": 1340.0}, "QUALITY,negative": {"precision": 0.8034351145038168, "recall": 0.8127413127413128, "f1-score": 0.8080614203454894, "support": 518.0}, "QUALITY,neutral": {"precision": 0.7683397683397684, "recall": 0.5940298507462687, "f1-score": 0.67003367003367, "support": 335.0}, "QUALITY,positive": {"precision": 0.9454390451832907, "recall": 0.9671511627906977, "f1-score": 0.9561718637735307, "support": 3440.0}, "SERVICE,None": {"precision": 0.9796666666666667, "recall": 0.988231338264963, "f1-score": 0.98393036491463, "support": 2974.0}, "SERVICE,negative": {"precision": 0.8536585365853658, "recall": 0.8284023668639053, "f1-score": 0.8408408408408409, "support": 338.0}, "SERVICE,neutral": {"precision": 0.6341463414634146, "recall": 0.4508670520231214, "f1-score": 0.527027027027027, "support": 173.0}, "SERVICE,positive": {"precision": 0.9596700274977086, "recall": 0.9748603351955307, "f1-score": 0.9672055427251732, "support": 2148.0}, "accuracy": 0.9436889756790343, "macro avg": {"precision": 0.8643523795073944, "recall": 0.8284975202001176, "f1-score": 0.842635464714995, "support": 28165.0}, "weighted avg": {"precision": 0.9416318832947146, "recall": 0.9436889756790343, "f1-score": 0.942101934074417, "support": 28165.0}, "static_polor_test": {"AMBIENCE,None": 4169, "AMBIENCE,negative": 470, "AMBIENCE,neutral": 153, "AMBIENCE,positive": 841, "LOCATION,None": 4084, "LOCATION,negative": 224, "LOCATION,neutral": 219, "LOCATION,positive": 1106, "PRICES,None": 3200, "PRICES,negative": 359, "PRICES,neutral": 633, "PRICES,positive": 1441, "QUALITY,None": 1340, "QUALITY,negative": 518, "QUALITY,neutral": 335, "QUALITY,positive": 3440, "SERVICE,None": 2974, "SERVICE,negative": 338, "SERVICE,neutral": 173, "SERVICE,positive": 2148}, "static_polar_pred": {"AMBIENCE,None": 4197, "AMBIENCE,negative": 485, "AMBIENCE,neutral": 89, "AMBIENCE,positive": 862, "LOCATION,None": 4128, "LOCATION,negative": 233, "LOCATION,neutral": 169, "LOCATION,positive": 1103, "PRICES,None": 3223, "PRICES,negative": 351, "PRICES,neutral": 628, "PRICES,positive": 1431, "QUALITY,None": 1331, "QUALITY,negative": 524, "QUALITY,neutral": 259, "QUALITY,positive": 3519, "SERVICE,None": 3000, "SERVICE,negative": 328, "SERVICE,neutral": 123, "SERVICE,positive": 2182}}