{"AMBIENCE,None": {"precision": 0.9901960784313726, "recall": 0.9932837610937875, "f1-score": 0.991737516465094, "support": 4169.0}, "AMBIENCE,negative": {"precision": 0.8670756646216768, "recall": 0.902127659574468, "f1-score": 0.8842544316996872, "support": 470.0}, "AMBIENCE,neutral": {"precision": 0.6923076923076923, "recall": 0.5294117647058824, "f1-score": 0.6, "support": 153.0}, "AMBIENCE,positive": {"precision": 0.9550295857988166, "recall": 0.9595719381688466, "f1-score": 0.9572953736654805, "support": 841.0}, "LOCATION,None": {"precision": 0.9946170785417177, "recall": 0.9953476983349657, "f1-score": 0.9949822543140374, "support": 4084.0}, "LOCATION,negative": {"precision": 0.8634361233480177, "recall": 0.875, "f1-score": 0.8691796008869179, "support": 224.0}, "LOCATION,neutral": {"precision": 0.8333333333333334, "recall": 0.7534246575342466, "f1-score": 0.7913669064748201, "support": 219.0}, "LOCATION,positive": {"precision": 0.9616413916146298, "recall": 0.9746835443037974, "f1-score": 0.9681185451279749, "support": 1106.0}, "PRICES,None": {"precision": 0.9884771099345998, "recall": 0.991875, "f1-score": 0.9901731399157697, "support": 3200.0}, "PRICES,negative": {"precision": 0.9354838709677419, "recall": 0.8885793871866295, "f1-score": 0.9114285714285715, "support": 359.0}, "PRICES,neutral": {"precision": 0.9307086614173228, "recall": 0.933649289099526, "f1-score": 0.9321766561514195, "support": 633.0}, "PRICES,positive": {"precision": 0.9674965421853389, "recall": 0.970853573907009, "f1-score": 0.969172151021822, "support": 1441.0}, "QUALITY,None": {"precision": 0.9548532731376975, "recall": 0.9470149253731344, "f1-score": 0.9509179467965531, "support": 1340.0}, "QUALITY,negative": {"precision": 0.8886756238003839, "recall": 0.8938223938223938, "f1-score": 0.8912415784408084, "support": 518.0}, "QUALITY,neutral": {"precision": 0.8783783783783784, "recall": 0.7761194029850746, "f1-score": 0.8240887480190174, "support": 335.0}, "QUALITY,positive": {"precision": 0.9730427301405219, "recall": 0.9863372093023256, "f1-score": 0.9796448679081854, "support": 3440.0}, "SERVICE,None": {"precision": 0.9916135524991614, "recall": 0.9939475453934096, "f1-score": 0.9927791771620487, "support": 2974.0}, "SERVICE,negative": {"precision": 0.8939828080229226, "recall": 0.9230769230769231, "f1-score": 0.9082969432314411, "support": 338.0}, "SERVICE,neutral": {"precision": 0.8201438848920863, "recall": 0.6589595375722543, "f1-score": 0.7307692307692307, "support": 173.0}, "SERVICE,positive": {"precision": 0.9805914972273567, "recall": 0.9878957169459963, "f1-score": 0.9842300556586271, "support": 2148.0}, "accuracy": 0.9703177702822652, "macro avg": {"precision": 0.9180542440300388, "recall": 0.8967490964190334, "f1-score": 0.9060926847568753, "support": 28165.0}, "weighted avg": {"precision": 0.9696185046275577, "recall": 0.9703177702822652, "f1-score": 0.9697749993069787, "support": 28165.0}, "static_polor_test": {"AMBIENCE,None": 4169, "AMBIENCE,negative": 470, "AMBIENCE,neutral": 153, "AMBIENCE,positive": 841, "LOCATION,None": 4084, "LOCATION,negative": 224, "LOCATION,neutral": 219, "LOCATION,positive": 1106, "PRICES,None": 3200, "PRICES,negative": 359, "PRICES,neutral": 633, "PRICES,positive": 1441, "QUALITY,None": 1340, "QUALITY,negative": 518, "QUALITY,neutral": 335, "QUALITY,positive": 3440, "SERVICE,None": 2974, "SERVICE,negative": 338, "SERVICE,neutral": 173, "SERVICE,positive": 2148}, "static_polar_pred": {"AMBIENCE,None": 4182, "AMBIENCE,negative": 489, "AMBIENCE,neutral": 117, "AMBIENCE,positive": 845, "LOCATION,None": 4087, "LOCATION,negative": 227, "LOCATION,neutral": 198, "LOCATION,positive": 1121, "PRICES,None": 3211, "PRICES,negative": 341, "PRICES,neutral": 635, "PRICES,positive": 1446, "QUALITY,None": 1329, "QUALITY,negative": 521, "QUALITY,neutral": 296, "QUALITY,positive": 3487, "SERVICE,None": 2981, "SERVICE,negative": 349, "SERVICE,neutral": 139, "SERVICE,positive": 2164}}