{"AMBIENCE,None": {"precision": 0.8796698523023457, "recall": 0.9392393320964749, "f1-score": 0.9084791386271871, "support": 2156.0}, "AMBIENCE,negative": {"precision": 1.0, "recall": 0.0, "f1-score": 0.0, "support": 92.0}, "AMBIENCE,neutral": {"precision": 1.0, "recall": 0.0, "f1-score": 0.0, "support": 132.0}, "AMBIENCE,positive": {"precision": 0.5499153976311336, "recall": 0.6335282651072125, "f1-score": 0.5887681159420289, "support": 513.0}, "LOCATION,None": {"precision": 0.8730489073881373, "recall": 0.9988095238095238, "f1-score": 0.9317046085508051, "support": 2520.0}, "LOCATION,negative": {"precision": 1.0, "recall": 0.0, "f1-score": 0.0, "support": 72.0}, "LOCATION,neutral": {"precision": 0.5, "recall": 0.02976190476190476, "f1-score": 0.056179775280898875, "support": 168.0}, "LOCATION,positive": {"precision": 1.0, "recall": 0.0, "f1-score": 0.0, "support": 133.0}, "PRICES,None": {"precision": 0.9506369426751592, "recall": 0.9582664526484751, "f1-score": 0.9544364508393285, "support": 1246.0}, "PRICES,negative": {"precision": 0.3333333333333333, "recall": 0.00625, "f1-score": 0.012269938650306749, "support": 160.0}, "PRICES,neutral": {"precision": 0.571656050955414, "recall": 0.5894909688013136, "f1-score": 0.5804365400161682, "support": 609.0}, "PRICES,positive": {"precision": 0.6361829025844931, "recall": 0.7289293849658315, "f1-score": 0.6794055201698513, "support": 878.0}, "QUALITY,None": {"precision": 1.0, "recall": 0.0, "f1-score": 0.0, "support": 209.0}, "QUALITY,negative": {"precision": 1.0, "recall": 0.0, "f1-score": 0.0, "support": 58.0}, "QUALITY,neutral": {"precision": 1.0, "recall": 0.0, "f1-score": 0.0, "support": 283.0}, "QUALITY,positive": {"precision": 0.8098859315589354, "recall": 1.0, "f1-score": 0.8949579831932774, "support": 2343.0}, "SERVICE,None": {"precision": 0.958217270194986, "recall": 0.9837940896091516, "f1-score": 0.9708372530573848, "support": 2098.0}, "SERVICE,negative": {"precision": 1.0, "recall": 0.0, "f1-score": 0.0, "support": 110.0}, "SERVICE,neutral": {"precision": 1.0, "recall": 0.0, "f1-score": 0.0, "support": 77.0}, "SERVICE,positive": {"precision": 0.7591339648173207, "recall": 0.9226973684210527, "f1-score": 0.8329621380846325, "support": 608.0}, "accuracy": 0.8319391634980988, "macro avg": {"precision": 0.8410840276720629, "recall": 0.38953836451104706, "f1-score": 0.3705218731205935, "support": 14465.0}, "weighted avg": {"precision": 0.8394571832488728, "recall": 0.8319391634980988, "f1-score": 0.7880671884655529, "support": 14465.0}}