{"AMBIENCE,None": {"precision": 0.999280748022057, "recall": 0.9997601343247782, "f1-score": 0.9995203836930455, "support": 4169.0}, "AMBIENCE,negative": {"precision": 0.9936575052854123, "recall": 1.0, "f1-score": 0.9968186638388123, "support": 470.0}, "AMBIENCE,neutral": {"precision": 1.0, "recall": 0.9673202614379085, "f1-score": 0.9833887043189369, "support": 153.0}, "AMBIENCE,positive": {"precision": 0.9976218787158145, "recall": 0.9976218787158145, "f1-score": 0.9976218787158145, "support": 841.0}, "LOCATION,None": {"precision": 0.9990208078335373, "recall": 0.9992654260528894, "f1-score": 0.9991431019708654, "support": 4084.0}, "LOCATION,negative": {"precision": 0.9954954954954955, "recall": 0.9866071428571429, "f1-score": 0.9910313901345291, "support": 224.0}, "LOCATION,neutral": {"precision": 0.990909090909091, "recall": 0.9954337899543378, "f1-score": 0.9931662870159453, "support": 219.0}, "LOCATION,positive": {"precision": 0.9981916817359855, "recall": 0.9981916817359855, "f1-score": 0.9981916817359855, "support": 1106.0}, "PRICES,None": {"precision": 0.9984399375975039, "recall": 1.0, "f1-score": 0.9992193598750976, "support": 3200.0}, "PRICES,negative": {"precision": 1.0, "recall": 0.9916434540389972, "f1-score": 0.9958041958041958, "support": 359.0}, "PRICES,neutral": {"precision": 0.9984177215189873, "recall": 0.9968404423380727, "f1-score": 0.9976284584980237, "support": 633.0}, "PRICES,positive": {"precision": 0.9986111111111111, "recall": 0.9979181124219292, "f1-score": 0.9982644914960084, "support": 1441.0}, "QUALITY,None": {"precision": 0.9962797619047619, "recall": 0.9992537313432835, "f1-score": 0.9977645305514158, "support": 1340.0}, "QUALITY,negative": {"precision": 0.9941972920696325, "recall": 0.9922779922779923, "f1-score": 0.9932367149758454, "support": 518.0}, "QUALITY,neutral": {"precision": 0.996969696969697, "recall": 0.982089552238806, "f1-score": 0.9894736842105263, "support": 335.0}, "QUALITY,positive": {"precision": 0.9982568274259151, "recall": 0.9988372093023256, "f1-score": 0.998546934030805, "support": 3440.0}, "SERVICE,None": {"precision": 0.9989922741014444, "recall": 1.0, "f1-score": 0.9994958830448664, "support": 2974.0}, "SERVICE,negative": {"precision": 0.9970326409495549, "recall": 0.9940828402366864, "f1-score": 0.9955555555555555, "support": 338.0}, "SERVICE,neutral": {"precision": 0.9824561403508771, "recall": 0.9710982658959537, "f1-score": 0.9767441860465116, "support": 173.0}, "SERVICE,positive": {"precision": 0.9986033519553073, "recall": 0.9986033519553073, "f1-score": 0.9986033519553073, "support": 2148.0}, "accuracy": 0.9982247470264513, "macro avg": {"precision": 0.9966216981976093, "recall": 0.9933422633564104, "f1-score": 0.9949609718734047, "support": 28165.0}, "weighted avg": {"precision": 0.9982243471471253, "recall": 0.9982247470264513, "f1-score": 0.9982213282143846, "support": 28165.0}, "static_polor_test": {"AMBIENCE,None": 4169, "AMBIENCE,negative": 470, "AMBIENCE,neutral": 153, "AMBIENCE,positive": 841, "LOCATION,None": 4084, "LOCATION,negative": 224, "LOCATION,neutral": 219, "LOCATION,positive": 1106, "PRICES,None": 3200, "PRICES,negative": 359, "PRICES,neutral": 633, "PRICES,positive": 1441, "QUALITY,None": 1340, "QUALITY,negative": 518, "QUALITY,neutral": 335, "QUALITY,positive": 3440, "SERVICE,None": 2974, "SERVICE,negative": 338, "SERVICE,neutral": 173, "SERVICE,positive": 2148}, "static_polar_pred": {"AMBIENCE,None": 4171, "AMBIENCE,negative": 473, "AMBIENCE,neutral": 148, "AMBIENCE,positive": 841, "LOCATION,None": 4085, "LOCATION,negative": 222, "LOCATION,neutral": 220, "LOCATION,positive": 1106, "PRICES,None": 3205, "PRICES,negative": 356, "PRICES,neutral": 632, "PRICES,positive": 1440, "QUALITY,None": 1344, "QUALITY,negative": 517, "QUALITY,neutral": 330, "QUALITY,positive": 3442, "SERVICE,None": 2977, "SERVICE,negative": 337, "SERVICE,neutral": 171, "SERVICE,positive": 2148}}