{"AMBIENCE,None": {"precision": 0.74303683737646, "recall": 0.9918445670424563, "f1-score": 0.849599342510787, "support": 4169.0}, "AMBIENCE,negative": {"precision": 0.13043478260869565, "recall": 0.006382978723404255, "f1-score": 0.012170385395537525, "support": 470.0}, "AMBIENCE,neutral": {"precision": 0.0, "recall": 0.0, "f1-score": 0.0, "support": 153.0}, "AMBIENCE,positive": {"precision": 0.38095238095238093, "recall": 0.019024970273483946, "f1-score": 0.0362400906002265, "support": 841.0}, "LOCATION,None": {"precision": 0.732811931611495, "recall": 0.9865328109696376, "f1-score": 0.8409517845961177, "support": 4084.0}, "LOCATION,negative": {"precision": 0.0, "recall": 0.0, "f1-score": 0.0, "support": 224.0}, "LOCATION,neutral": {"precision": 0.0, "recall": 0.0, "f1-score": 0.0, "support": 219.0}, "LOCATION,positive": {"precision": 0.575, "recall": 0.06238698010849909, "f1-score": 0.11256117455138662, "support": 1106.0}, "PRICES,None": {"precision": 0.6414542415378186, "recall": 0.959375, "f1-score": 0.7688454795892813, "support": 3200.0}, "PRICES,negative": {"precision": 0.0, "recall": 0.0, "f1-score": 0.0, "support": 359.0}, "PRICES,neutral": {"precision": 0.2857142857142857, "recall": 0.00315955766192733, "f1-score": 0.00625, "support": 633.0}, "PRICES,positive": {"precision": 0.5150784077201448, "recall": 0.2963219986120749, "f1-score": 0.3762114537444934, "support": 1441.0}, "QUALITY,None": {"precision": 0.42658730158730157, "recall": 0.16044776119402984, "f1-score": 0.23318872017353579, "support": 1340.0}, "QUALITY,negative": {"precision": 0.43902439024390244, "recall": 0.03474903474903475, "f1-score": 0.06440071556350627, "support": 518.0}, "QUALITY,neutral": {"precision": 0.0, "recall": 0.0, "f1-score": 0.0, "support": 335.0}, "QUALITY,positive": {"precision": 0.6392828999211978, "recall": 0.9433139534883721, "f1-score": 0.762094880225458, "support": 3440.0}, "SERVICE,None": {"precision": 0.6458916306283389, "recall": 0.8537323470073974, "f1-score": 0.7354091238233165, "support": 2974.0}, "SERVICE,negative": {"precision": 0.23076923076923078, "recall": 0.008875739644970414, "f1-score": 0.017094017094017096, "support": 338.0}, "SERVICE,neutral": {"precision": 0.0, "recall": 0.0, "f1-score": 0.0, "support": 173.0}, "SERVICE,positive": {"precision": 0.6197854588796186, "recall": 0.48417132216014896, "f1-score": 0.5436487192890748, "support": 2148.0}, "accuracy": 0.6678856737085035, "macro avg": {"precision": 0.35029118897754347, "recall": 0.2905159510817718, "f1-score": 0.2679332943578369, "support": 28165.0}, "weighted avg": {"precision": 0.5827180605147553, "recall": 0.6678856737085035, "f1-score": 0.5848244522586658, "support": 28165.0}, "static_polor_test": {"AMBIENCE,None": 4169, "AMBIENCE,negative": 470, "AMBIENCE,neutral": 153, "AMBIENCE,positive": 841, "LOCATION,None": 4084, "LOCATION,negative": 224, "LOCATION,neutral": 219, "LOCATION,positive": 1106, "PRICES,None": 3200, "PRICES,negative": 359, "PRICES,neutral": 633, "PRICES,positive": 1441, "QUALITY,None": 1340, "QUALITY,negative": 518, "QUALITY,neutral": 335, "QUALITY,positive": 3440, "SERVICE,None": 2974, "SERVICE,negative": 338, "SERVICE,neutral": 173, "SERVICE,positive": 2148}, "static_polar_pred": {"AMBIENCE,None": 5565, "AMBIENCE,negative": 23, "AMBIENCE,neutral": 3, "AMBIENCE,positive": 42, "LOCATION,None": 5498, "LOCATION,negative": 10, "LOCATION,neutral": 5, "LOCATION,positive": 120, "PRICES,None": 4786, "PRICES,negative": 11, "PRICES,neutral": 7, "PRICES,positive": 829, "QUALITY,None": 504, "QUALITY,negative": 41, "QUALITY,neutral": 12, "QUALITY,positive": 5076, "SERVICE,None": 3931, "SERVICE,negative": 13, "SERVICE,neutral": 11, "SERVICE,positive": 1678}}