{"AMBIENCE,None": {"precision": 0.8653421633554084, "recall": 0.9090909090909091, "f1-score": 0.886677222347885, "support": 2156.0}, "AMBIENCE,negative": {"precision": 1.0, "recall": 0.0, "f1-score": 0.0, "support": 92.0}, "AMBIENCE,neutral": {"precision": 1.0, "recall": 0.0, "f1-score": 0.0, "support": 132.0}, "AMBIENCE,positive": {"precision": 0.4872611464968153, "recall": 0.5964912280701754, "f1-score": 0.5363716038562665, "support": 513.0}, "LOCATION,None": {"precision": 0.8710680954026961, "recall": 1.0, "f1-score": 0.9310918159985221, "support": 2520.0}, "LOCATION,negative": {"precision": 1.0, "recall": 0.0, "f1-score": 0.0, "support": 72.0}, "LOCATION,neutral": {"precision": 1.0, "recall": 0.0, "f1-score": 0.0, "support": 168.0}, "LOCATION,positive": {"precision": 1.0, "recall": 0.0, "f1-score": 0.0, "support": 133.0}, "PRICES,None": {"precision": 0.9376971608832808, "recall": 0.9542536115569823, "f1-score": 0.9459029435163087, "support": 1246.0}, "PRICES,negative": {"precision": 1.0, "recall": 0.0, "f1-score": 0.0, "support": 160.0}, "PRICES,neutral": {"precision": 0.5253378378378378, "recall": 0.5106732348111659, "f1-score": 0.517901748542881, "support": 609.0}, "PRICES,positive": {"precision": 0.590513068731849, "recall": 0.6947608200455581, "f1-score": 0.6384092098377813, "support": 878.0}, "QUALITY,None": {"precision": 1.0, "recall": 0.0, "f1-score": 0.0, "support": 209.0}, "QUALITY,negative": {"precision": 1.0, "recall": 0.0, "f1-score": 0.0, "support": 58.0}, "QUALITY,neutral": {"precision": 1.0, "recall": 0.0, "f1-score": 0.0, "support": 283.0}, "QUALITY,positive": {"precision": 0.8098859315589354, "recall": 1.0, "f1-score": 0.8949579831932774, "support": 2343.0}, "SERVICE,None": {"precision": 0.9598318542737039, "recall": 0.9795042897998093, "f1-score": 0.9695682944090588, "support": 2098.0}, "SERVICE,negative": {"precision": 1.0, "recall": 0.0, "f1-score": 0.0, "support": 110.0}, "SERVICE,neutral": {"precision": 1.0, "recall": 0.0, "f1-score": 0.0, "support": 77.0}, "SERVICE,positive": {"precision": 0.7420212765957447, "recall": 0.9177631578947368, "f1-score": 0.8205882352941176, "support": 608.0}, "accuracy": 0.8193570687867265, "macro avg": {"precision": 0.8894479267568134, "recall": 0.3781268625634669, "f1-score": 0.35707345284980485, "support": 14465.0}, "weighted avg": {"precision": 0.8416138995431265, "recall": 0.8193570687867265, "f1-score": 0.775503982201795, "support": 14465.0}}