{"AMBIENCE,None": {"precision": 0.9909459137479152, "recall": 0.9976013432477813, "f1-score": 0.9942624910351422, "support": 4169.0}, "AMBIENCE,negative": {"precision": 0.9059304703476483, "recall": 0.9425531914893617, "f1-score": 0.9238790406673618, "support": 470.0}, "AMBIENCE,neutral": {"precision": 0.8627450980392157, "recall": 0.5751633986928104, "f1-score": 0.6901960784313725, "support": 153.0}, "AMBIENCE,positive": {"precision": 0.9704142011834319, "recall": 0.9750297265160524, "f1-score": 0.9727164887307236, "support": 841.0}, "LOCATION,None": {"precision": 0.9924537487828627, "recall": 0.9982859941234085, "f1-score": 0.995361328125, "support": 4084.0}, "LOCATION,negative": {"precision": 0.8977777777777778, "recall": 0.9017857142857143, "f1-score": 0.8997772828507795, "support": 224.0}, "LOCATION,neutral": {"precision": 0.923469387755102, "recall": 0.8264840182648402, "f1-score": 0.8722891566265061, "support": 219.0}, "LOCATION,positive": {"precision": 0.9846014492753623, "recall": 0.9828209764918626, "f1-score": 0.983710407239819, "support": 1106.0}, "PRICES,None": {"precision": 0.993142144638404, "recall": 0.995625, "f1-score": 0.9943820224719101, "support": 3200.0}, "PRICES,negative": {"precision": 0.9770114942528736, "recall": 0.947075208913649, "f1-score": 0.9618104667609618, "support": 359.0}, "PRICES,neutral": {"precision": 0.9793977812995246, "recall": 0.976303317535545, "f1-score": 0.9778481012658228, "support": 633.0}, "PRICES,positive": {"precision": 0.983402489626556, "recall": 0.9868147120055517, "f1-score": 0.9851056459993073, "support": 1441.0}, "QUALITY,None": {"precision": 0.9732142857142857, "recall": 0.9761194029850746, "f1-score": 0.9746646795827124, "support": 1340.0}, "QUALITY,negative": {"precision": 0.9387351778656127, "recall": 0.916988416988417, "f1-score": 0.927734375, "support": 518.0}, "QUALITY,neutral": {"precision": 0.9383116883116883, "recall": 0.8626865671641791, "f1-score": 0.8989113530326595, "support": 335.0}, "QUALITY,positive": {"precision": 0.9835971223021582, "recall": 0.9936046511627907, "f1-score": 0.9885755603759943, "support": 3440.0}, "SERVICE,None": {"precision": 0.9922973878097789, "recall": 0.996301277740417, "f1-score": 0.9942953020134229, "support": 2974.0}, "SERVICE,negative": {"precision": 0.9519519519519519, "recall": 0.9378698224852071, "f1-score": 0.9448584202682563, "support": 338.0}, "SERVICE,neutral": {"precision": 0.9251700680272109, "recall": 0.7861271676300579, "f1-score": 0.85, "support": 173.0}, "SERVICE,positive": {"precision": 0.9838486386709737, "recall": 0.9925512104283054, "f1-score": 0.988180764774044, "support": 2148.0}, "accuracy": 0.9821054500266287, "macro avg": {"precision": 0.9574209138690166, "recall": 0.9283895559075512, "f1-score": 0.9409279482625899, "support": 28165.0}, "weighted avg": {"precision": 0.981750017829632, "recall": 0.9821054500266287, "f1-score": 0.9816764541337909, "support": 28165.0}, "static_polor_test": {"AMBIENCE,None": 4169, "AMBIENCE,negative": 470, "AMBIENCE,neutral": 153, "AMBIENCE,positive": 841, "LOCATION,None": 4084, "LOCATION,negative": 224, "LOCATION,neutral": 219, "LOCATION,positive": 1106, "PRICES,None": 3200, "PRICES,negative": 359, "PRICES,neutral": 633, "PRICES,positive": 1441, "QUALITY,None": 1340, "QUALITY,negative": 518, "QUALITY,neutral": 335, "QUALITY,positive": 3440, "SERVICE,None": 2974, "SERVICE,negative": 338, "SERVICE,neutral": 173, "SERVICE,positive": 2148}, "static_polar_pred": {"AMBIENCE,None": 4197, "AMBIENCE,negative": 489, "AMBIENCE,neutral": 102, "AMBIENCE,positive": 845, "LOCATION,None": 4108, "LOCATION,negative": 225, "LOCATION,neutral": 196, "LOCATION,positive": 1104, "PRICES,None": 3208, "PRICES,negative": 348, "PRICES,neutral": 631, "PRICES,positive": 1446, "QUALITY,None": 1344, "QUALITY,negative": 506, "QUALITY,neutral": 308, "QUALITY,positive": 3475, "SERVICE,None": 2986, "SERVICE,negative": 333, "SERVICE,neutral": 147, "SERVICE,positive": 2167}}