{"AMBIENCE,None": {"precision": 0.8650042992261393, "recall": 0.9332096474953617, "f1-score": 0.8978134761267291, "support": 2156.0}, "AMBIENCE,negative": {"precision": 1.0, "recall": 0.0, "f1-score": 0.0, "support": 92.0}, "AMBIENCE,neutral": {"precision": 1.0, "recall": 0.0, "f1-score": 0.0, "support": 132.0}, "AMBIENCE,positive": {"precision": 0.5308641975308642, "recall": 0.5867446393762183, "f1-score": 0.5574074074074075, "support": 513.0}, "LOCATION,None": {"precision": 0.8713692946058091, "recall": 1.0, "f1-score": 0.9312638580931264, "support": 2520.0}, "LOCATION,negative": {"precision": 1.0, "recall": 0.0, "f1-score": 0.0, "support": 72.0}, "LOCATION,neutral": {"precision": 0.0, "recall": 0.0, "f1-score": 0.0, "support": 168.0}, "LOCATION,positive": {"precision": 1.0, "recall": 0.0, "f1-score": 0.0, "support": 133.0}, "PRICES,None": {"precision": 0.9605475040257649, "recall": 0.9574638844301766, "f1-score": 0.9590032154340836, "support": 1246.0}, "PRICES,negative": {"precision": 1.0, "recall": 0.0, "f1-score": 0.0, "support": 160.0}, "PRICES,neutral": {"precision": 0.5523648648648649, "recall": 0.5369458128078818, "f1-score": 0.5445462114904246, "support": 609.0}, "PRICES,positive": {"precision": 0.6118980169971672, "recall": 0.7380410022779044, "f1-score": 0.6690758905524006, "support": 878.0}, "QUALITY,None": {"precision": 1.0, "recall": 0.0, "f1-score": 0.0, "support": 209.0}, "QUALITY,negative": {"precision": 1.0, "recall": 0.0, "f1-score": 0.0, "support": 58.0}, "QUALITY,neutral": {"precision": 1.0, "recall": 0.0, "f1-score": 0.0, "support": 283.0}, "QUALITY,positive": {"precision": 0.8098859315589354, "recall": 1.0, "f1-score": 0.8949579831932774, "support": 2343.0}, "SERVICE,None": {"precision": 0.9458963778083448, "recall": 0.9833174451858914, "f1-score": 0.9642439822388409, "support": 2098.0}, "SERVICE,negative": {"precision": 1.0, "recall": 0.0, "f1-score": 0.0, "support": 110.0}, "SERVICE,neutral": {"precision": 1.0, "recall": 0.0, "f1-score": 0.0, "support": 77.0}, "SERVICE,positive": {"precision": 0.7556179775280899, "recall": 0.8848684210526315, "f1-score": 0.8151515151515152, "support": 608.0}, "accuracy": 0.8257863809194608, "macro avg": {"precision": 0.8451724232072989, "recall": 0.3810295426313033, "f1-score": 0.3616731769843903, "support": 14465.0}, "weighted avg": {"precision": 0.8345026716305163, "recall": 0.8257863809194608, "f1-score": 0.7810507161167308, "support": 14465.0}}