{"AMBIENCE,None": {"precision": 0.9976036424634556, "recall": 0.9985608059486687, "f1-score": 0.9980819947254855, "support": 4169.0}, "AMBIENCE,negative": {"precision": 0.9703389830508474, "recall": 0.9744680851063829, "f1-score": 0.9723991507430998, "support": 470.0}, "AMBIENCE,neutral": {"precision": 0.9202898550724637, "recall": 0.8300653594771242, "f1-score": 0.872852233676976, "support": 153.0}, "AMBIENCE,positive": {"precision": 0.98, "recall": 0.990487514863258, "f1-score": 0.9852158486102898, "support": 841.0}, "LOCATION,None": {"precision": 0.9968222928379369, "recall": 0.9985308521057786, "f1-score": 0.9976758409785933, "support": 4084.0}, "LOCATION,negative": {"precision": 0.9434782608695652, "recall": 0.96875, "f1-score": 0.9559471365638766, "support": 224.0}, "LOCATION,neutral": {"precision": 0.9660194174757282, "recall": 0.908675799086758, "f1-score": 0.9364705882352942, "support": 219.0}, "LOCATION,positive": {"precision": 0.9909584086799277, "recall": 0.9909584086799277, "f1-score": 0.9909584086799277, "support": 1106.0}, "PRICES,None": {"precision": 0.9981267561660943, "recall": 0.9990625, "f1-score": 0.9985944088708418, "support": 3200.0}, "PRICES,negative": {"precision": 0.9803370786516854, "recall": 0.9721448467966574, "f1-score": 0.9762237762237762, "support": 359.0}, "PRICES,neutral": {"precision": 0.9827044025157232, "recall": 0.9873617693522907, "f1-score": 0.9850275807722616, "support": 633.0}, "PRICES,positive": {"precision": 0.9944367176634215, "recall": 0.9923664122137404, "f1-score": 0.9934004862799584, "support": 1441.0}, "QUALITY,None": {"precision": 0.9947722180731889, "recall": 0.9940298507462687, "f1-score": 0.9944008958566629, "support": 1340.0}, "QUALITY,negative": {"precision": 0.9768339768339769, "recall": 0.9768339768339769, "f1-score": 0.9768339768339769, "support": 518.0}, "QUALITY,neutral": {"precision": 0.9810725552050473, "recall": 0.9283582089552239, "f1-score": 0.9539877300613497, "support": 335.0}, "QUALITY,positive": {"precision": 0.9927724775946806, "recall": 0.9982558139534884, "f1-score": 0.9955065951587186, "support": 3440.0}, "SERVICE,None": {"precision": 0.998655462184874, "recall": 0.9989912575655683, "f1-score": 0.9988233316523786, "support": 2974.0}, "SERVICE,negative": {"precision": 0.967930029154519, "recall": 0.9822485207100592, "f1-score": 0.9750367107195301, "support": 338.0}, "SERVICE,neutral": {"precision": 0.9634146341463414, "recall": 0.9132947976878613, "f1-score": 0.9376854599406528, "support": 173.0}, "SERVICE,positive": {"precision": 0.99581589958159, "recall": 0.9972067039106145, "f1-score": 0.9965108164689462, "support": 2148.0}, "accuracy": 0.9926504526895082, "macro avg": {"precision": 0.9796191534110534, "recall": 0.9700325741996823, "f1-score": 0.9745816485526297, "support": 28165.0}, "weighted avg": {"precision": 0.9926004292403057, "recall": 0.9926504526895082, "f1-score": 0.9925888267331872, "support": 28165.0}, "static_polor_test": {"AMBIENCE,None": 4169, "AMBIENCE,negative": 470, "AMBIENCE,neutral": 153, "AMBIENCE,positive": 841, "LOCATION,None": 4084, "LOCATION,negative": 224, "LOCATION,neutral": 219, "LOCATION,positive": 1106, "PRICES,None": 3200, "PRICES,negative": 359, "PRICES,neutral": 633, "PRICES,positive": 1441, "QUALITY,None": 1340, "QUALITY,negative": 518, "QUALITY,neutral": 335, "QUALITY,positive": 3440, "SERVICE,None": 2974, "SERVICE,negative": 338, "SERVICE,neutral": 173, "SERVICE,positive": 2148}, "static_polar_pred": {"AMBIENCE,None": 4173, "AMBIENCE,negative": 472, "AMBIENCE,neutral": 138, "AMBIENCE,positive": 850, "LOCATION,None": 4091, "LOCATION,negative": 230, "LOCATION,neutral": 206, "LOCATION,positive": 1106, "PRICES,None": 3203, "PRICES,negative": 356, "PRICES,neutral": 636, "PRICES,positive": 1438, "QUALITY,None": 1339, "QUALITY,negative": 518, "QUALITY,neutral": 317, "QUALITY,positive": 3459, "SERVICE,None": 2975, "SERVICE,negative": 343, "SERVICE,neutral": 164, "SERVICE,positive": 2151}}