{"AMBIENCE,None": {"precision": 0.9952153110047847, "recall": 0.9978412089230031, "f1-score": 0.9965265301233681, "support": 4169.0}, "AMBIENCE,negative": {"precision": 0.9764957264957265, "recall": 0.9723404255319149, "f1-score": 0.9744136460554371, "support": 470.0}, "AMBIENCE,neutral": {"precision": 0.9785714285714285, "recall": 0.8954248366013072, "f1-score": 0.9351535836177475, "support": 153.0}, "AMBIENCE,positive": {"precision": 0.9822485207100592, "recall": 0.9869203329369798, "f1-score": 0.9845788849347569, "support": 841.0}, "LOCATION,None": {"precision": 0.9963352064500367, "recall": 0.9985308521057786, "f1-score": 0.9974318209612327, "support": 4084.0}, "LOCATION,negative": {"precision": 0.9601769911504425, "recall": 0.96875, "f1-score": 0.9644444444444444, "support": 224.0}, "LOCATION,neutral": {"precision": 0.9760765550239234, "recall": 0.9315068493150684, "f1-score": 0.9532710280373832, "support": 219.0}, "LOCATION,positive": {"precision": 0.9927601809954751, "recall": 0.9918625678119349, "f1-score": 0.9923111714156491, "support": 1106.0}, "PRICES,None": {"precision": 0.9950186799501868, "recall": 0.99875, "f1-score": 0.9968808484092326, "support": 3200.0}, "PRICES,negative": {"precision": 0.9885714285714285, "recall": 0.9637883008356546, "f1-score": 0.9760225669957687, "support": 359.0}, "PRICES,neutral": {"precision": 0.9905362776025236, "recall": 0.9921011058451816, "f1-score": 0.9913180741910024, "support": 633.0}, "PRICES,positive": {"precision": 0.9930410577592206, "recall": 0.9902845246356696, "f1-score": 0.9916608756080612, "support": 1441.0}, "QUALITY,None": {"precision": 0.9873793615441723, "recall": 0.9925373134328358, "f1-score": 0.9899516189058429, "support": 1340.0}, "QUALITY,negative": {"precision": 0.9655172413793104, "recall": 0.972972972972973, "f1-score": 0.9692307692307692, "support": 518.0}, "QUALITY,neutral": {"precision": 0.9870967741935484, "recall": 0.9134328358208955, "f1-score": 0.9488372093023256, "support": 335.0}, "QUALITY,positive": {"precision": 0.9913144180660104, "recall": 0.9953488372093023, "f1-score": 0.993327531186539, "support": 3440.0}, "SERVICE,None": {"precision": 0.9973127309371851, "recall": 0.9983187626092804, "f1-score": 0.9978154931944211, "support": 2974.0}, "SERVICE,negative": {"precision": 0.9880239520958084, "recall": 0.9763313609467456, "f1-score": 0.9821428571428571, "support": 338.0}, "SERVICE,neutral": {"precision": 0.9876543209876543, "recall": 0.9248554913294798, "f1-score": 0.9552238805970149, "support": 173.0}, "SERVICE,positive": {"precision": 0.9921296296296296, "recall": 0.9976722532588455, "f1-score": 0.9948932219127206, "support": 2148.0}, "accuracy": 0.9921178767974437, "macro avg": {"precision": 0.9860737896559278, "recall": 0.9729785416061425, "f1-score": 0.9792718028133287, "support": 28165.0}, "weighted avg": {"precision": 0.9921017877386492, "recall": 0.9921178767974437, "f1-score": 0.9920669900655402, "support": 28165.0}, "static_polor_test": {"AMBIENCE,None": 4169, "AMBIENCE,negative": 470, "AMBIENCE,neutral": 153, "AMBIENCE,positive": 841, "LOCATION,None": 4084, "LOCATION,negative": 224, "LOCATION,neutral": 219, "LOCATION,positive": 1106, "PRICES,None": 3200, "PRICES,negative": 359, "PRICES,neutral": 633, "PRICES,positive": 1441, "QUALITY,None": 1340, "QUALITY,negative": 518, "QUALITY,neutral": 335, "QUALITY,positive": 3440, "SERVICE,None": 2974, "SERVICE,negative": 338, "SERVICE,neutral": 173, "SERVICE,positive": 2148}, "static_polar_pred": {"AMBIENCE,None": 4180, "AMBIENCE,negative": 468, "AMBIENCE,neutral": 140, "AMBIENCE,positive": 845, "LOCATION,None": 4093, "LOCATION,negative": 226, "LOCATION,neutral": 209, "LOCATION,positive": 1105, "PRICES,None": 3212, "PRICES,negative": 350, "PRICES,neutral": 634, "PRICES,positive": 1437, "QUALITY,None": 1347, "QUALITY,negative": 522, "QUALITY,neutral": 310, "QUALITY,positive": 3454, "SERVICE,None": 2977, "SERVICE,negative": 334, "SERVICE,neutral": 162, "SERVICE,positive": 2160}}