{"AMBIENCE,None": {"precision": 0.975771971496437, "recall": 0.9853681938114656, "f1-score": 0.980546604606755, "support": 4169.0}, "AMBIENCE,negative": {"precision": 0.8446808510638298, "recall": 0.8446808510638298, "f1-score": 0.8446808510638298, "support": 470.0}, "AMBIENCE,neutral": {"precision": 0.6296296296296297, "recall": 0.4444444444444444, "f1-score": 0.5210727969348659, "support": 153.0}, "AMBIENCE,positive": {"precision": 0.9183431952662722, "recall": 0.9227110582639715, "f1-score": 0.9205219454329775, "support": 841.0}, "LOCATION,None": {"precision": 0.9844471445929526, "recall": 0.9919196865817825, "f1-score": 0.9881692889376753, "support": 4084.0}, "LOCATION,negative": {"precision": 0.7973568281938326, "recall": 0.8080357142857143, "f1-score": 0.802660753880266, "support": 224.0}, "LOCATION,neutral": {"precision": 0.8072289156626506, "recall": 0.6118721461187214, "f1-score": 0.6961038961038961, "support": 219.0}, "LOCATION,positive": {"precision": 0.9466666666666667, "recall": 0.9629294755877035, "f1-score": 0.9547288211564321, "support": 1106.0}, "PRICES,None": {"precision": 0.9826032929481205, "recall": 0.9884375, "f1-score": 0.9855117619566911, "support": 3200.0}, "PRICES,negative": {"precision": 0.8342696629213483, "recall": 0.8272980501392758, "f1-score": 0.8307692307692308, "support": 359.0}, "PRICES,neutral": {"precision": 0.8920634920634921, "recall": 0.8878357030015798, "f1-score": 0.889944576405384, "support": 633.0}, "PRICES,positive": {"precision": 0.9551820728291317, "recall": 0.9465648854961832, "f1-score": 0.9508539560822586, "support": 1441.0}, "QUALITY,None": {"precision": 0.9152046783625731, "recall": 0.9343283582089552, "f1-score": 0.9246676514032496, "support": 1340.0}, "QUALITY,negative": {"precision": 0.8363273453093812, "recall": 0.8088803088803089, "f1-score": 0.8223748773307163, "support": 518.0}, "QUALITY,neutral": {"precision": 0.8, "recall": 0.6805970149253732, "f1-score": 0.7354838709677419, "support": 335.0}, "QUALITY,positive": {"precision": 0.9663696464501293, "recall": 0.9773255813953489, "f1-score": 0.9718167365226189, "support": 3440.0}, "SERVICE,None": {"precision": 0.9862692565304756, "recall": 0.9902488231338265, "f1-score": 0.988255033557047, "support": 2974.0}, "SERVICE,negative": {"precision": 0.8526011560693642, "recall": 0.8727810650887574, "f1-score": 0.8625730994152047, "support": 338.0}, "SERVICE,neutral": {"precision": 0.7443609022556391, "recall": 0.5722543352601156, "f1-score": 0.6470588235294118, "support": 173.0}, "SERVICE,positive": {"precision": 0.9737084870848709, "recall": 0.9827746741154563, "f1-score": 0.9782205746061168, "support": 2148.0}, "accuracy": 0.9542694834013847, "macro avg": {"precision": 0.8821542597698399, "recall": 0.8520643934901407, "f1-score": 0.8648007575331184, "support": 28165.0}, "weighted avg": {"precision": 0.9527787818622149, "recall": 0.9542694834013847, "f1-score": 0.9531794077949243, "support": 28165.0}, "static_polor_test": {"AMBIENCE,None": 4169, "AMBIENCE,negative": 470, "AMBIENCE,neutral": 153, "AMBIENCE,positive": 841, "LOCATION,None": 4084, "LOCATION,negative": 224, "LOCATION,neutral": 219, "LOCATION,positive": 1106, "PRICES,None": 3200, "PRICES,negative": 359, "PRICES,neutral": 633, "PRICES,positive": 1441, "QUALITY,None": 1340, "QUALITY,negative": 518, "QUALITY,neutral": 335, "QUALITY,positive": 3440, "SERVICE,None": 2974, "SERVICE,negative": 338, "SERVICE,neutral": 173, "SERVICE,positive": 2148}, "static_polar_pred": {"AMBIENCE,None": 4210, "AMBIENCE,negative": 470, "AMBIENCE,neutral": 108, "AMBIENCE,positive": 845, "LOCATION,None": 4115, "LOCATION,negative": 227, "LOCATION,neutral": 166, "LOCATION,positive": 1125, "PRICES,None": 3219, "PRICES,negative": 356, "PRICES,neutral": 630, "PRICES,positive": 1428, "QUALITY,None": 1368, "QUALITY,negative": 501, "QUALITY,neutral": 285, "QUALITY,positive": 3479, "SERVICE,None": 2986, "SERVICE,negative": 346, "SERVICE,neutral": 133, "SERVICE,positive": 2168}}