{"AMBIENCE,None": {"precision": 0.927891156462585, "recall": 0.9489795918367347, "f1-score": 0.9383168997936253, "support": 2156.0}, "AMBIENCE,negative": {"precision": 1.0, "recall": 0.0, "f1-score": 0.0, "support": 92.0}, "AMBIENCE,neutral": {"precision": 1.0, "recall": 0.0, "f1-score": 0.0, "support": 132.0}, "AMBIENCE,positive": {"precision": 0.5915697674418605, "recall": 0.7933723196881092, "f1-score": 0.6777685262281432, "support": 513.0}, "LOCATION,None": {"precision": 0.8933666191155493, "recall": 0.9940476190476191, "f1-score": 0.9410217881292261, "support": 2520.0}, "LOCATION,negative": {"precision": 0.0, "recall": 0.0, "f1-score": 0.0, "support": 72.0}, "LOCATION,neutral": {"precision": 0.34523809523809523, "recall": 0.17261904761904762, "f1-score": 0.23015873015873015, "support": 168.0}, "LOCATION,positive": {"precision": 0.25, "recall": 0.007518796992481203, "f1-score": 0.014598540145985401, "support": 133.0}, "PRICES,None": {"precision": 0.9686242960579243, "recall": 0.9662921348314607, "f1-score": 0.9674568099638409, "support": 1246.0}, "PRICES,negative": {"precision": 0.29411764705882354, "recall": 0.03125, "f1-score": 0.05649717514124294, "support": 160.0}, "PRICES,neutral": {"precision": 0.6188524590163934, "recall": 0.7438423645320197, "f1-score": 0.6756152125279642, "support": 609.0}, "PRICES,positive": {"precision": 0.7380688124306326, "recall": 0.7574031890660592, "f1-score": 0.7476110174255199, "support": 878.0}, "QUALITY,None": {"precision": 1.0, "recall": 0.0, "f1-score": 0.0, "support": 209.0}, "QUALITY,negative": {"precision": 1.0, "recall": 0.0, "f1-score": 0.0, "support": 58.0}, "QUALITY,neutral": {"precision": 1.0, "recall": 0.0, "f1-score": 0.0, "support": 283.0}, "QUALITY,positive": {"precision": 0.8098859315589354, "recall": 1.0, "f1-score": 0.8949579831932774, "support": 2343.0}, "SERVICE,None": {"precision": 0.9616805170821792, "recall": 0.9928503336510963, "f1-score": 0.9770168855534709, "support": 2098.0}, "SERVICE,negative": {"precision": 1.0, "recall": 0.0, "f1-score": 0.0, "support": 110.0}, "SERVICE,neutral": {"precision": 1.0, "recall": 0.0, "f1-score": 0.0, "support": 77.0}, "SERVICE,positive": {"precision": 0.7661623108665749, "recall": 0.9161184210526315, "f1-score": 0.8344569288389513, "support": 608.0}, "accuracy": 0.850190114068441, "macro avg": {"precision": 0.7582728806164776, "recall": 0.416214690915863, "f1-score": 0.39777382485499885, "support": 14465.0}, "weighted avg": {"precision": 0.8480752100216199, "recall": 0.850190114068441, "f1-score": 0.8101659407338833, "support": 14465.0}}