{"AMBIENCE,None": {"precision": 0.9992804029743344, "recall": 0.9992804029743344, "f1-score": 0.9992804029743344, "support": 4169.0}, "AMBIENCE,negative": {"precision": 0.9957446808510638, "recall": 0.9957446808510638, "f1-score": 0.9957446808510638, "support": 470.0}, "AMBIENCE,neutral": {"precision": 0.9869281045751634, "recall": 0.9869281045751634, "f1-score": 0.9869281045751634, "support": 153.0}, "AMBIENCE,positive": {"precision": 0.995243757431629, "recall": 0.995243757431629, "f1-score": 0.995243757431629, "support": 841.0}, "LOCATION,None": {"precision": 0.9990208078335373, "recall": 0.9992654260528894, "f1-score": 0.9991431019708654, "support": 4084.0}, "LOCATION,negative": {"precision": 0.9955555555555555, "recall": 1.0, "f1-score": 0.9977728285077951, "support": 224.0}, "LOCATION,neutral": {"precision": 0.9954337899543378, "recall": 0.9954337899543378, "f1-score": 0.9954337899543378, "support": 219.0}, "LOCATION,positive": {"precision": 0.9990942028985508, "recall": 0.9972875226039783, "f1-score": 0.9981900452488688, "support": 1106.0}, "PRICES,None": {"precision": 0.9990627928772259, "recall": 0.999375, "f1-score": 0.999218872051242, "support": 3200.0}, "PRICES,negative": {"precision": 0.994413407821229, "recall": 0.9916434540389972, "f1-score": 0.99302649930265, "support": 359.0}, "PRICES,neutral": {"precision": 0.9984202211690363, "recall": 0.9984202211690363, "f1-score": 0.9984202211690363, "support": 633.0}, "PRICES,positive": {"precision": 0.9979181124219292, "recall": 0.9979181124219292, "f1-score": 0.9979181124219292, "support": 1441.0}, "QUALITY,None": {"precision": 0.9992537313432835, "recall": 0.9992537313432835, "f1-score": 0.9992537313432835, "support": 1340.0}, "QUALITY,negative": {"precision": 1.0, "recall": 0.9980694980694981, "f1-score": 0.9990338164251208, "support": 518.0}, "QUALITY,neutral": {"precision": 1.0, "recall": 0.9940298507462687, "f1-score": 0.9970059880239521, "support": 335.0}, "QUALITY,positive": {"precision": 0.998838222480395, "recall": 0.9997093023255814, "f1-score": 0.9992735725701003, "support": 3440.0}, "SERVICE,None": {"precision": 0.9989922741014444, "recall": 1.0, "f1-score": 0.9994958830448664, "support": 2974.0}, "SERVICE,negative": {"precision": 0.9970326409495549, "recall": 0.9940828402366864, "f1-score": 0.9955555555555555, "support": 338.0}, "SERVICE,neutral": {"precision": 0.9884393063583815, "recall": 0.9884393063583815, "f1-score": 0.9884393063583815, "support": 173.0}, "SERVICE,positive": {"precision": 1.0, "recall": 0.9990689013035382, "f1-score": 0.999534233814625, "support": 2148.0}, "accuracy": 0.998650807740103, "macro avg": {"precision": 0.9969336005798326, "recall": 0.9964596951228298, "f1-score": 0.9966956251797399, "support": 28165.0}, "weighted avg": {"precision": 0.9986508966379745, "recall": 0.998650807740103, "f1-score": 0.9986505349411696, "support": 28165.0}, "static_polor_test": {"AMBIENCE,None": 4169, "AMBIENCE,negative": 470, "AMBIENCE,neutral": 153, "AMBIENCE,positive": 841, "LOCATION,None": 4084, "LOCATION,negative": 224, "LOCATION,neutral": 219, "LOCATION,positive": 1106, "PRICES,None": 3200, "PRICES,negative": 359, "PRICES,neutral": 633, "PRICES,positive": 1441, "QUALITY,None": 1340, "QUALITY,negative": 518, "QUALITY,neutral": 335, "QUALITY,positive": 3440, "SERVICE,None": 2974, "SERVICE,negative": 338, "SERVICE,neutral": 173, "SERVICE,positive": 2148}, "static_polar_pred": {"AMBIENCE,None": 4169, "AMBIENCE,negative": 470, "AMBIENCE,neutral": 153, "AMBIENCE,positive": 841, "LOCATION,None": 4085, "LOCATION,negative": 225, "LOCATION,neutral": 219, "LOCATION,positive": 1104, "PRICES,None": 3201, "PRICES,negative": 358, "PRICES,neutral": 633, "PRICES,positive": 1441, "QUALITY,None": 1340, "QUALITY,negative": 517, "QUALITY,neutral": 333, "QUALITY,positive": 3443, "SERVICE,None": 2977, "SERVICE,negative": 337, "SERVICE,neutral": 173, "SERVICE,positive": 2146}}