{"AMBIENCE,None": {"precision": 0.9916467780429594, "recall": 0.9966418805468937, "f1-score": 0.994138054791243, "support": 4169.0}, "AMBIENCE,negative": {"precision": 0.9344608879492601, "recall": 0.9404255319148936, "f1-score": 0.9374337221633086, "support": 470.0}, "AMBIENCE,neutral": {"precision": 0.8582677165354331, "recall": 0.7124183006535948, "f1-score": 0.7785714285714286, "support": 153.0}, "AMBIENCE,positive": {"precision": 0.9727164887307236, "recall": 0.9750297265160524, "f1-score": 0.9738717339667459, "support": 841.0}, "LOCATION,None": {"precision": 0.992204628501827, "recall": 0.9973065621939275, "f1-score": 0.9947490536084992, "support": 4084.0}, "LOCATION,negative": {"precision": 0.9136363636363637, "recall": 0.8973214285714286, "f1-score": 0.9054054054054054, "support": 224.0}, "LOCATION,neutral": {"precision": 0.9313725490196079, "recall": 0.867579908675799, "f1-score": 0.8983451536643026, "support": 219.0}, "LOCATION,positive": {"precision": 0.9836956521739131, "recall": 0.9819168173598554, "f1-score": 0.9828054298642533, "support": 1106.0}, "PRICES,None": {"precision": 0.9928482587064676, "recall": 0.9978125, "f1-score": 0.9953241895261845, "support": 3200.0}, "PRICES,negative": {"precision": 0.96, "recall": 0.935933147632312, "f1-score": 0.9478138222849083, "support": 359.0}, "PRICES,neutral": {"precision": 0.9700315457413249, "recall": 0.9715639810426541, "f1-score": 0.9707971586424625, "support": 633.0}, "PRICES,positive": {"precision": 0.9867411025819958, "recall": 0.981263011797363, "f1-score": 0.9839944328462074, "support": 1441.0}, "QUALITY,None": {"precision": 0.9732540861812778, "recall": 0.9776119402985075, "f1-score": 0.9754281459419211, "support": 1340.0}, "QUALITY,negative": {"precision": 0.9468503937007874, "recall": 0.9285714285714286, "f1-score": 0.9376218323586745, "support": 518.0}, "QUALITY,neutral": {"precision": 0.9483870967741935, "recall": 0.8776119402985074, "f1-score": 0.9116279069767442, "support": 335.0}, "QUALITY,positive": {"precision": 0.9847218218506775, "recall": 0.9930232558139535, "f1-score": 0.9888551165146909, "support": 3440.0}, "SERVICE,None": {"precision": 0.9922870556673373, "recall": 0.9949562878278413, "f1-score": 0.993619879113499, "support": 2974.0}, "SERVICE,negative": {"precision": 0.960960960960961, "recall": 0.9467455621301775, "f1-score": 0.9538002980625931, "support": 338.0}, "SERVICE,neutral": {"precision": 0.927710843373494, "recall": 0.8901734104046243, "f1-score": 0.9085545722713865, "support": 173.0}, "SERVICE,positive": {"precision": 0.9893122676579925, "recall": 0.9911545623836127, "f1-score": 0.9902325581395349, "support": 2148.0}, "accuracy": 0.9833836321675838, "macro avg": {"precision": 0.9605553248893297, "recall": 0.9427530592316714, "f1-score": 0.9511494947356998, "support": 28165.0}, "weighted avg": {"precision": 0.9831479167327897, "recall": 0.9833836321675838, "f1-score": 0.9831908651103284, "support": 28165.0}, "static_polor_test": {"AMBIENCE,None": 4169, "AMBIENCE,negative": 470, "AMBIENCE,neutral": 153, "AMBIENCE,positive": 841, "LOCATION,None": 4084, "LOCATION,negative": 224, "LOCATION,neutral": 219, "LOCATION,positive": 1106, "PRICES,None": 3200, "PRICES,negative": 359, "PRICES,neutral": 633, "PRICES,positive": 1441, "QUALITY,None": 1340, "QUALITY,negative": 518, "QUALITY,neutral": 335, "QUALITY,positive": 3440, "SERVICE,None": 2974, "SERVICE,negative": 338, "SERVICE,neutral": 173, "SERVICE,positive": 2148}, "static_polar_pred": {"AMBIENCE,None": 4190, "AMBIENCE,negative": 473, "AMBIENCE,neutral": 127, "AMBIENCE,positive": 843, "LOCATION,None": 4105, "LOCATION,negative": 220, "LOCATION,neutral": 204, "LOCATION,positive": 1104, "PRICES,None": 3216, "PRICES,negative": 350, "PRICES,neutral": 634, "PRICES,positive": 1433, "QUALITY,None": 1346, "QUALITY,negative": 508, "QUALITY,neutral": 310, "QUALITY,positive": 3469, "SERVICE,None": 2982, "SERVICE,negative": 333, "SERVICE,neutral": 166, "SERVICE,positive": 2152}}