{"AMBIENCE,None": {"precision": 0.9939975990396158, "recall": 0.9930438954185656, "f1-score": 0.9935205183585313, "support": 4169.0}, "AMBIENCE,negative": {"precision": 0.9575371549893843, "recall": 0.9595744680851064, "f1-score": 0.9585547290116897, "support": 470.0}, "AMBIENCE,neutral": {"precision": 0.9066666666666666, "recall": 0.8888888888888888, "f1-score": 0.8976897689768977, "support": 153.0}, "AMBIENCE,positive": {"precision": 0.9716646989374262, "recall": 0.9785969084423306, "f1-score": 0.9751184834123223, "support": 841.0}, "LOCATION,None": {"precision": 0.9960851480303401, "recall": 0.9968168462291871, "f1-score": 0.99645086280749, "support": 4084.0}, "LOCATION,negative": {"precision": 0.9461883408071748, "recall": 0.9419642857142857, "f1-score": 0.9440715883668904, "support": 224.0}, "LOCATION,neutral": {"precision": 0.9534883720930233, "recall": 0.9360730593607306, "f1-score": 0.9447004608294931, "support": 219.0}, "LOCATION,positive": {"precision": 0.9891696750902527, "recall": 0.9909584086799277, "f1-score": 0.990063233965673, "support": 1106.0}, "PRICES,None": {"precision": 0.9949937421777222, "recall": 0.99375, "f1-score": 0.9943714821763602, "support": 3200.0}, "PRICES,negative": {"precision": 0.9630681818181818, "recall": 0.9442896935933147, "f1-score": 0.9535864978902954, "support": 359.0}, "PRICES,neutral": {"precision": 0.9467084639498433, "recall": 0.9541864139020537, "f1-score": 0.950432730133753, "support": 633.0}, "PRICES,positive": {"precision": 0.9813407049067036, "recall": 0.9854267869535045, "f1-score": 0.9833795013850416, "support": 1441.0}, "QUALITY,None": {"precision": 0.9798507462686568, "recall": 0.9798507462686568, "f1-score": 0.9798507462686568, "support": 1340.0}, "QUALITY,negative": {"precision": 0.9593810444874274, "recall": 0.9575289575289575, "f1-score": 0.9584541062801932, "support": 518.0}, "QUALITY,neutral": {"precision": 0.9376947040498442, "recall": 0.8985074626865671, "f1-score": 0.9176829268292683, "support": 335.0}, "QUALITY,positive": {"precision": 0.9863965267727931, "recall": 0.9906976744186047, "f1-score": 0.9885424220449601, "support": 3440.0}, "SERVICE,None": {"precision": 0.9932998324958124, "recall": 0.9969737726967047, "f1-score": 0.9951334116462494, "support": 2974.0}, "SERVICE,negative": {"precision": 0.9703264094955489, "recall": 0.9674556213017751, "f1-score": 0.9688888888888889, "support": 338.0}, "SERVICE,neutral": {"precision": 0.9556962025316456, "recall": 0.8728323699421965, "f1-score": 0.9123867069486404, "support": 173.0}, "SERVICE,positive": {"precision": 0.9897816999535531, "recall": 0.9920856610800745, "f1-score": 0.9909323413159731, "support": 2148.0}, "accuracy": 0.9859044913900231, "macro avg": {"precision": 0.9686667957280808, "recall": 0.9609750960595715, "f1-score": 0.9646905703768633, "support": 28165.0}, "weighted avg": {"precision": 0.9858520717047592, "recall": 0.9859044913900231, "f1-score": 0.9858573206087489, "support": 28165.0}, "static_polor_test": {"AMBIENCE,None": 4169, "AMBIENCE,negative": 470, "AMBIENCE,neutral": 153, "AMBIENCE,positive": 841, "LOCATION,None": 4084, "LOCATION,negative": 224, "LOCATION,neutral": 219, "LOCATION,positive": 1106, "PRICES,None": 3200, "PRICES,negative": 359, "PRICES,neutral": 633, "PRICES,positive": 1441, "QUALITY,None": 1340, "QUALITY,negative": 518, "QUALITY,neutral": 335, "QUALITY,positive": 3440, "SERVICE,None": 2974, "SERVICE,negative": 338, "SERVICE,neutral": 173, "SERVICE,positive": 2148}, "static_polar_pred": {"AMBIENCE,None": 4165, "AMBIENCE,negative": 471, "AMBIENCE,neutral": 150, "AMBIENCE,positive": 847, "LOCATION,None": 4087, "LOCATION,negative": 223, "LOCATION,neutral": 215, "LOCATION,positive": 1108, "PRICES,None": 3196, "PRICES,negative": 352, "PRICES,neutral": 638, "PRICES,positive": 1447, "QUALITY,None": 1340, "QUALITY,negative": 517, "QUALITY,neutral": 321, "QUALITY,positive": 3455, "SERVICE,None": 2985, "SERVICE,negative": 337, "SERVICE,neutral": 158, "SERVICE,positive": 2153}}