{"AMBIENCE,None": {"precision": 0.9460188933873145, "recall": 0.975417439703154, "f1-score": 0.9604932633021238, "support": 2156.0}, "AMBIENCE,negative": {"precision": 1.0, "recall": 0.0, "f1-score": 0.0, "support": 92.0}, "AMBIENCE,neutral": {"precision": 1.0, "recall": 0.0, "f1-score": 0.0, "support": 132.0}, "AMBIENCE,positive": {"precision": 0.6626865671641791, "recall": 0.8654970760233918, "f1-score": 0.7506339814032121, "support": 513.0}, "LOCATION,None": {"precision": 0.9197349042709867, "recall": 0.9912698412698413, "f1-score": 0.9541634835752483, "support": 2520.0}, "LOCATION,negative": {"precision": 1.0, "recall": 0.0, "f1-score": 0.0, "support": 72.0}, "LOCATION,neutral": {"precision": 0.44654088050314467, "recall": 0.4226190476190476, "f1-score": 0.43425076452599387, "support": 168.0}, "LOCATION,positive": {"precision": 0.3333333333333333, "recall": 0.045112781954887216, "f1-score": 0.07947019867549669, "support": 133.0}, "PRICES,None": {"precision": 0.9678714859437751, "recall": 0.9670947030497592, "f1-score": 0.967482938578884, "support": 1246.0}, "PRICES,negative": {"precision": 0.38235294117647056, "recall": 0.08125, "f1-score": 0.13402061855670103, "support": 160.0}, "PRICES,neutral": {"precision": 0.664364640883978, "recall": 0.7898193760262726, "f1-score": 0.7216804201050263, "support": 609.0}, "PRICES,positive": {"precision": 0.7921348314606742, "recall": 0.8029612756264237, "f1-score": 0.7975113122171946, "support": 878.0}, "QUALITY,None": {"precision": 1.0, "recall": 0.0, "f1-score": 0.0, "support": 209.0}, "QUALITY,negative": {"precision": 1.0, "recall": 0.0, "f1-score": 0.0, "support": 58.0}, "QUALITY,neutral": {"precision": 1.0, "recall": 0.0, "f1-score": 0.0, "support": 283.0}, "QUALITY,positive": {"precision": 0.8098859315589354, "recall": 1.0, "f1-score": 0.8949579831932774, "support": 2343.0}, "SERVICE,None": {"precision": 0.9620963968179691, "recall": 0.9799809342230696, "f1-score": 0.9709563164108619, "support": 2098.0}, "SERVICE,negative": {"precision": 1.0, "recall": 0.0, "f1-score": 0.0, "support": 110.0}, "SERVICE,neutral": {"precision": 1.0, "recall": 0.0, "f1-score": 0.0, "support": 77.0}, "SERVICE,positive": {"precision": 0.7420634920634921, "recall": 0.9226973684210527, "f1-score": 0.8225806451612904, "support": 608.0}, "accuracy": 0.8631870031109575, "macro avg": {"precision": 0.8314542149282126, "recall": 0.442185992195845, "f1-score": 0.4244100962852656, "support": 14465.0}, "weighted avg": {"precision": 0.8699696837093192, "recall": 0.8631870031109575, "f1-score": 0.8257616065490481, "support": 14465.0}}