{"AMBIENCE,None": {"precision": 0.9856870229007634, "recall": 0.9911249700167906, "f1-score": 0.988398516923813, "support": 4169.0}, "AMBIENCE,negative": {"precision": 0.9224137931034483, "recall": 0.9106382978723404, "f1-score": 0.9164882226980728, "support": 470.0}, "AMBIENCE,neutral": {"precision": 0.7925925925925926, "recall": 0.6993464052287581, "f1-score": 0.7430555555555556, "support": 153.0}, "AMBIENCE,positive": {"precision": 0.9513064133016627, "recall": 0.9524375743162902, "f1-score": 0.9518716577540107, "support": 841.0}, "LOCATION,None": {"precision": 0.9955914768552535, "recall": 0.9953476983349657, "f1-score": 0.9954695726705033, "support": 4084.0}, "LOCATION,negative": {"precision": 0.9372197309417041, "recall": 0.9330357142857143, "f1-score": 0.9351230425055929, "support": 224.0}, "LOCATION,neutral": {"precision": 0.9223744292237442, "recall": 0.9223744292237442, "f1-score": 0.9223744292237442, "support": 219.0}, "LOCATION,positive": {"precision": 0.98014440433213, "recall": 0.9819168173598554, "f1-score": 0.981029810298103, "support": 1106.0}, "PRICES,None": {"precision": 0.9934538653366584, "recall": 0.9959375, "f1-score": 0.9946941323345818, "support": 3200.0}, "PRICES,negative": {"precision": 0.935933147632312, "recall": 0.935933147632312, "f1-score": 0.935933147632312, "support": 359.0}, "PRICES,neutral": {"precision": 0.960127591706539, "recall": 0.9510268562401264, "f1-score": 0.9555555555555556, "support": 633.0}, "PRICES,positive": {"precision": 0.980542043085476, "recall": 0.9791811242192922, "f1-score": 0.9798611111111111, "support": 1441.0}, "QUALITY,None": {"precision": 0.9737237237237237, "recall": 0.9679104477611941, "f1-score": 0.9708083832335329, "support": 1340.0}, "QUALITY,negative": {"precision": 0.936046511627907, "recall": 0.9324324324324325, "f1-score": 0.9342359767891683, "support": 518.0}, "QUALITY,neutral": {"precision": 0.8978978978978979, "recall": 0.8925373134328358, "f1-score": 0.8952095808383234, "support": 335.0}, "QUALITY,positive": {"precision": 0.9829084588644265, "recall": 0.9863372093023256, "f1-score": 0.9846198491004062, "support": 3440.0}, "SERVICE,None": {"precision": 0.9922999665215936, "recall": 0.9966375252185609, "f1-score": 0.9944640161046804, "support": 2974.0}, "SERVICE,negative": {"precision": 0.9315476190476191, "recall": 0.9260355029585798, "f1-score": 0.9287833827893175, "support": 338.0}, "SERVICE,neutral": {"precision": 0.8404907975460123, "recall": 0.791907514450867, "f1-score": 0.8154761904761905, "support": 173.0}, "SERVICE,positive": {"precision": 0.9902189101071263, "recall": 0.9897579143389199, "f1-score": 0.9899883585564611, "support": 2148.0}, "accuracy": 0.9791585300905379, "macro avg": {"precision": 0.9451260198174298, "recall": 0.9365928197312952, "f1-score": 0.9406720246075515, "support": 28165.0}, "weighted avg": {"precision": 0.9789436137851755, "recall": 0.9791585300905379, "f1-score": 0.9790267554072803, "support": 28165.0}, "static_polor_test": {"AMBIENCE,None": 4169, "AMBIENCE,negative": 470, "AMBIENCE,neutral": 153, "AMBIENCE,positive": 841, "LOCATION,None": 4084, "LOCATION,negative": 224, "LOCATION,neutral": 219, "LOCATION,positive": 1106, "PRICES,None": 3200, "PRICES,negative": 359, "PRICES,neutral": 633, "PRICES,positive": 1441, "QUALITY,None": 1340, "QUALITY,negative": 518, "QUALITY,neutral": 335, "QUALITY,positive": 3440, "SERVICE,None": 2974, "SERVICE,negative": 338, "SERVICE,neutral": 173, "SERVICE,positive": 2148}, "static_polar_pred": {"AMBIENCE,None": 4192, "AMBIENCE,negative": 464, "AMBIENCE,neutral": 135, "AMBIENCE,positive": 842, "LOCATION,None": 4083, "LOCATION,negative": 223, "LOCATION,neutral": 219, "LOCATION,positive": 1108, "PRICES,None": 3208, "PRICES,negative": 359, "PRICES,neutral": 627, "PRICES,positive": 1439, "QUALITY,None": 1332, "QUALITY,negative": 516, "QUALITY,neutral": 333, "QUALITY,positive": 3452, "SERVICE,None": 2987, "SERVICE,negative": 336, "SERVICE,neutral": 163, "SERVICE,positive": 2147}}