{"AMBIENCE,None": {"precision": 0.9581005586592178, "recall": 0.9872871192132406, "f1-score": 0.9724748966331955, "support": 4169.0}, "AMBIENCE,negative": {"precision": 0.8336933045356372, "recall": 0.8212765957446808, "f1-score": 0.827438370846731, "support": 470.0}, "AMBIENCE,neutral": {"precision": 0.6607142857142857, "recall": 0.24183006535947713, "f1-score": 0.35406698564593303, "support": 153.0}, "AMBIENCE,positive": {"precision": 0.8899755501222494, "recall": 0.8656361474435196, "f1-score": 0.8776371308016878, "support": 841.0}, "LOCATION,None": {"precision": 0.9723158401540684, "recall": 0.9889813907933399, "f1-score": 0.9805778101480942, "support": 4084.0}, "LOCATION,negative": {"precision": 0.7428571428571429, "recall": 0.6964285714285714, "f1-score": 0.7188940092165899, "support": 224.0}, "LOCATION,neutral": {"precision": 0.738255033557047, "recall": 0.502283105022831, "f1-score": 0.5978260869565217, "support": 219.0}, "LOCATION,positive": {"precision": 0.9196428571428571, "recall": 0.9312839059674503, "f1-score": 0.9254267744833783, "support": 1106.0}, "PRICES,None": {"precision": 0.9725816389402341, "recall": 0.9865625, "f1-score": 0.9795221843003413, "support": 3200.0}, "PRICES,negative": {"precision": 0.8611111111111112, "recall": 0.7771587743732591, "f1-score": 0.8169838945827232, "support": 359.0}, "PRICES,neutral": {"precision": 0.8240740740740741, "recall": 0.8436018957345972, "f1-score": 0.8337236533957846, "support": 633.0}, "PRICES,positive": {"precision": 0.930035335689046, "recall": 0.9132546842470507, "f1-score": 0.9215686274509803, "support": 1441.0}, "QUALITY,None": {"precision": 0.8510174418604651, "recall": 0.8738805970149254, "f1-score": 0.8622974963181149, "support": 1340.0}, "QUALITY,negative": {"precision": 0.7542735042735043, "recall": 0.6814671814671814, "f1-score": 0.716024340770791, "support": 518.0}, "QUALITY,neutral": {"precision": 0.7091836734693877, "recall": 0.41492537313432837, "f1-score": 0.5235404896421846, "support": 335.0}, "QUALITY,positive": {"precision": 0.9173392708043417, "recall": 0.958139534883721, "f1-score": 0.9372956064268448, "support": 3440.0}, "SERVICE,None": {"precision": 0.963402571711177, "recall": 0.9825151311365165, "f1-score": 0.9728649908440153, "support": 2974.0}, "SERVICE,negative": {"precision": 0.7959183673469388, "recall": 0.8076923076923077, "f1-score": 0.801762114537445, "support": 338.0}, "SERVICE,neutral": {"precision": 0.7254901960784313, "recall": 0.2138728323699422, "f1-score": 0.33035714285714285, "support": 173.0}, "SERVICE,positive": {"precision": 0.9465095194922938, "recall": 0.9720670391061452, "f1-score": 0.9591180523656407, "support": 2148.0}, "accuracy": 0.9290608911769928, "macro avg": {"precision": 0.8483245638796756, "recall": 0.7730072376066544, "f1-score": 0.795470032911207, "support": 28165.0}, "weighted avg": {"precision": 0.9249838121040644, "recall": 0.9290608911769928, "f1-score": 0.9247917000027471, "support": 28165.0}, "static_polor_test": {"AMBIENCE,None": 4169, "AMBIENCE,negative": 470, "AMBIENCE,neutral": 153, "AMBIENCE,positive": 841, "LOCATION,None": 4084, "LOCATION,negative": 224, "LOCATION,neutral": 219, "LOCATION,positive": 1106, "PRICES,None": 3200, "PRICES,negative": 359, "PRICES,neutral": 633, "PRICES,positive": 1441, "QUALITY,None": 1340, "QUALITY,negative": 518, "QUALITY,neutral": 335, "QUALITY,positive": 3440, "SERVICE,None": 2974, "SERVICE,negative": 338, "SERVICE,neutral": 173, "SERVICE,positive": 2148}, "static_polar_pred": {"AMBIENCE,None": 4296, "AMBIENCE,negative": 463, "AMBIENCE,neutral": 56, "AMBIENCE,positive": 818, "LOCATION,None": 4154, "LOCATION,negative": 210, "LOCATION,neutral": 149, "LOCATION,positive": 1120, "PRICES,None": 3246, "PRICES,negative": 324, "PRICES,neutral": 648, "PRICES,positive": 1415, "QUALITY,None": 1376, "QUALITY,negative": 468, "QUALITY,neutral": 196, "QUALITY,positive": 3593, "SERVICE,None": 3033, "SERVICE,negative": 343, "SERVICE,neutral": 51, "SERVICE,positive": 2206}}