{"AMBIENCE,None": {"precision": 0.9980815347721822, "recall": 0.9983209402734469, "f1-score": 0.9982012231682456, "support": 4169.0}, "AMBIENCE,negative": {"precision": 0.9744136460554371, "recall": 0.9723404255319149, "f1-score": 0.9733759318423855, "support": 470.0}, "AMBIENCE,neutral": {"precision": 0.92, "recall": 0.9019607843137255, "f1-score": 0.9108910891089109, "support": 153.0}, "AMBIENCE,positive": {"precision": 0.9893364928909952, "recall": 0.9928656361474435, "f1-score": 0.9910979228486647, "support": 841.0}, "LOCATION,None": {"precision": 0.9970660146699266, "recall": 0.9985308521057786, "f1-score": 0.9977978957670663, "support": 4084.0}, "LOCATION,negative": {"precision": 0.9691629955947136, "recall": 0.9821428571428571, "f1-score": 0.975609756097561, "support": 224.0}, "LOCATION,neutral": {"precision": 0.985781990521327, "recall": 0.9497716894977168, "f1-score": 0.9674418604651163, "support": 219.0}, "LOCATION,positive": {"precision": 0.9927601809954751, "recall": 0.9918625678119349, "f1-score": 0.9923111714156491, "support": 1106.0}, "PRICES,None": {"precision": 0.9971927635683094, "recall": 0.9990625, "f1-score": 0.9981267561660943, "support": 3200.0}, "PRICES,negative": {"precision": 0.9858757062146892, "recall": 0.9721448467966574, "f1-score": 0.9789621318373072, "support": 359.0}, "PRICES,neutral": {"precision": 0.9827044025157232, "recall": 0.9873617693522907, "f1-score": 0.9850275807722616, "support": 633.0}, "PRICES,positive": {"precision": 0.9965205288796103, "recall": 0.9937543372657877, "f1-score": 0.995135510771369, "support": 1441.0}, "QUALITY,None": {"precision": 0.9888888888888889, "recall": 0.996268656716418, "f1-score": 0.9925650557620818, "support": 1340.0}, "QUALITY,negative": {"precision": 0.98828125, "recall": 0.9768339768339769, "f1-score": 0.9825242718446602, "support": 518.0}, "QUALITY,neutral": {"precision": 0.975609756097561, "recall": 0.9552238805970149, "f1-score": 0.9653092006033183, "support": 335.0}, "QUALITY,positive": {"precision": 0.9973860005808888, "recall": 0.9982558139534884, "f1-score": 0.9978207177103008, "support": 3440.0}, "SERVICE,None": {"precision": 0.998991935483871, "recall": 0.9996637525218561, "f1-score": 0.999327731092437, "support": 2974.0}, "SERVICE,negative": {"precision": 0.9822485207100592, "recall": 0.9822485207100592, "f1-score": 0.9822485207100592, "support": 338.0}, "SERVICE,neutral": {"precision": 0.9529411764705882, "recall": 0.9364161849710982, "f1-score": 0.9446064139941691, "support": 173.0}, "SERVICE,positive": {"precision": 0.996742671009772, "recall": 0.9972067039106145, "f1-score": 0.9969746334652083, "support": 2148.0}, "accuracy": 0.9942126753062311, "macro avg": {"precision": 0.9834993227960009, "recall": 0.9791118348227037, "f1-score": 0.9812677687721431, "support": 28165.0}, "weighted avg": {"precision": 0.9941943422833336, "recall": 0.9942126753062311, "f1-score": 0.9941959112287152, "support": 28165.0}, "static_polor_test": {"AMBIENCE,None": 4169, "AMBIENCE,negative": 470, "AMBIENCE,neutral": 153, "AMBIENCE,positive": 841, "LOCATION,None": 4084, "LOCATION,negative": 224, "LOCATION,neutral": 219, "LOCATION,positive": 1106, "PRICES,None": 3200, "PRICES,negative": 359, "PRICES,neutral": 633, "PRICES,positive": 1441, "QUALITY,None": 1340, "QUALITY,negative": 518, "QUALITY,neutral": 335, "QUALITY,positive": 3440, "SERVICE,None": 2974, "SERVICE,negative": 338, "SERVICE,neutral": 173, "SERVICE,positive": 2148}, "static_polar_pred": {"AMBIENCE,None": 4170, "AMBIENCE,negative": 469, "AMBIENCE,neutral": 150, "AMBIENCE,positive": 844, "LOCATION,None": 4090, "LOCATION,negative": 227, "LOCATION,neutral": 211, "LOCATION,positive": 1105, "PRICES,None": 3206, "PRICES,negative": 354, "PRICES,neutral": 636, "PRICES,positive": 1437, "QUALITY,None": 1350, "QUALITY,negative": 512, "QUALITY,neutral": 328, "QUALITY,positive": 3443, "SERVICE,None": 2976, "SERVICE,negative": 338, "SERVICE,neutral": 170, "SERVICE,positive": 2149}}