{"AMBIENCE,None": {"precision": 0.9980842911877394, "recall": 0.9997601343247782, "f1-score": 0.9989215098861594, "support": 4169.0}, "AMBIENCE,negative": {"precision": 1.0, "recall": 0.997872340425532, "f1-score": 0.9989350372736954, "support": 470.0}, "AMBIENCE,neutral": {"precision": 1.0, "recall": 0.9869281045751634, "f1-score": 0.993421052631579, "support": 153.0}, "AMBIENCE,positive": {"precision": 0.998805256869773, "recall": 0.9940546967895363, "f1-score": 0.9964243146603099, "support": 841.0}, "LOCATION,None": {"precision": 0.9985322896281801, "recall": 0.9995102840352595, "f1-score": 0.9990210474791973, "support": 4084.0}, "LOCATION,negative": {"precision": 0.9955357142857143, "recall": 0.9955357142857143, "f1-score": 0.9955357142857143, "support": 224.0}, "LOCATION,neutral": {"precision": 0.9954337899543378, "recall": 0.9954337899543378, "f1-score": 0.9954337899543378, "support": 219.0}, "LOCATION,positive": {"precision": 0.9990925589836661, "recall": 0.9954792043399638, "f1-score": 0.9972826086956522, "support": 1106.0}, "PRICES,None": {"precision": 0.9984370115661144, "recall": 0.998125, "f1-score": 0.9982809814033443, "support": 3200.0}, "PRICES,negative": {"precision": 1.0, "recall": 0.9916434540389972, "f1-score": 0.9958041958041958, "support": 359.0}, "PRICES,neutral": {"precision": 0.9937106918238994, "recall": 0.9984202211690363, "f1-score": 0.996059889676911, "support": 633.0}, "PRICES,positive": {"precision": 0.9972260748959778, "recall": 0.9979181124219292, "f1-score": 0.997571973638571, "support": 1441.0}, "QUALITY,None": {"precision": 1.0, "recall": 1.0, "f1-score": 1.0, "support": 1340.0}, "QUALITY,negative": {"precision": 1.0, "recall": 1.0, "f1-score": 1.0, "support": 518.0}, "QUALITY,neutral": {"precision": 1.0, "recall": 0.9970149253731343, "f1-score": 0.9985052316890882, "support": 335.0}, "QUALITY,positive": {"precision": 0.999709386806161, "recall": 1.0, "f1-score": 0.9998546722860049, "support": 3440.0}, "SERVICE,None": {"precision": 0.9996638655462184, "recall": 1.0, "f1-score": 0.9998319045217684, "support": 2974.0}, "SERVICE,negative": {"precision": 1.0, "recall": 0.9970414201183432, "f1-score": 0.9985185185185185, "support": 338.0}, "SERVICE,neutral": {"precision": 0.9827586206896551, "recall": 0.9884393063583815, "f1-score": 0.9855907780979827, "support": 173.0}, "SERVICE,positive": {"precision": 0.9986027014438752, "recall": 0.9981378026070763, "f1-score": 0.9983701979045402, "support": 2148.0}, "accuracy": 0.998615302680632, "macro avg": {"precision": 0.9977796126840657, "recall": 0.9965657255408591, "f1-score": 0.9971681709203786, "support": 28165.0}, "weighted avg": {"precision": 0.9986169863929056, "recall": 0.998615302680632, "f1-score": 0.9986149854180048, "support": 28165.0}, "static_polor_test": {"AMBIENCE,None": 4169, "AMBIENCE,negative": 470, "AMBIENCE,neutral": 153, "AMBIENCE,positive": 841, "LOCATION,None": 4084, "LOCATION,negative": 224, "LOCATION,neutral": 219, "LOCATION,positive": 1106, "PRICES,None": 3200, "PRICES,negative": 359, "PRICES,neutral": 633, "PRICES,positive": 1441, "QUALITY,None": 1340, "QUALITY,negative": 518, "QUALITY,neutral": 335, "QUALITY,positive": 3440, "SERVICE,None": 2974, "SERVICE,negative": 338, "SERVICE,neutral": 173, "SERVICE,positive": 2148}, "static_polar_pred": {"AMBIENCE,None": 4176, "AMBIENCE,negative": 469, "AMBIENCE,neutral": 151, "AMBIENCE,positive": 837, "LOCATION,None": 4088, "LOCATION,negative": 224, "LOCATION,neutral": 219, "LOCATION,positive": 1102, "PRICES,None": 3199, "PRICES,negative": 356, "PRICES,neutral": 636, "PRICES,positive": 1442, "QUALITY,None": 1340, "QUALITY,negative": 518, "QUALITY,neutral": 334, "QUALITY,positive": 3441, "SERVICE,None": 2975, "SERVICE,negative": 337, "SERVICE,neutral": 174, "SERVICE,positive": 2147}}