{"AMBIENCE,None": {"precision": 0.9968877184582237, "recall": 0.9988006716238906, "f1-score": 0.9978432782171099, "support": 4169.0}, "AMBIENCE,negative": {"precision": 0.9830148619957537, "recall": 0.9851063829787234, "f1-score": 0.9840595111583422, "support": 470.0}, "AMBIENCE,neutral": {"precision": 0.9791666666666666, "recall": 0.9215686274509803, "f1-score": 0.9494949494949495, "support": 153.0}, "AMBIENCE,positive": {"precision": 0.990487514863258, "recall": 0.990487514863258, "f1-score": 0.990487514863258, "support": 841.0}, "LOCATION,None": {"precision": 0.9965811965811966, "recall": 0.9992654260528894, "f1-score": 0.9979215062966132, "support": 4084.0}, "LOCATION,negative": {"precision": 0.990990990990991, "recall": 0.9821428571428571, "f1-score": 0.9865470852017937, "support": 224.0}, "LOCATION,neutral": {"precision": 0.9906542056074766, "recall": 0.9680365296803652, "f1-score": 0.9792147806004619, "support": 219.0}, "LOCATION,positive": {"precision": 0.9945553539019963, "recall": 0.9909584086799277, "f1-score": 0.9927536231884058, "support": 1106.0}, "PRICES,None": {"precision": 0.9971927635683094, "recall": 0.9990625, "f1-score": 0.9981267561660943, "support": 3200.0}, "PRICES,negative": {"precision": 0.9887005649717514, "recall": 0.9749303621169917, "f1-score": 0.9817671809256662, "support": 359.0}, "PRICES,neutral": {"precision": 0.9905660377358491, "recall": 0.995260663507109, "f1-score": 0.9929078014184397, "support": 633.0}, "PRICES,positive": {"precision": 0.9958246346555324, "recall": 0.993060374739764, "f1-score": 0.9944405837387075, "support": 1441.0}, "QUALITY,None": {"precision": 0.9947839046199702, "recall": 0.996268656716418, "f1-score": 0.9955257270693513, "support": 1340.0}, "QUALITY,negative": {"precision": 0.9826254826254827, "recall": 0.9826254826254827, "f1-score": 0.9826254826254827, "support": 518.0}, "QUALITY,neutral": {"precision": 0.9846625766871165, "recall": 0.9582089552238806, "f1-score": 0.9712556732223904, "support": 335.0}, "QUALITY,positive": {"precision": 0.9959384972439803, "recall": 0.9979651162790698, "f1-score": 0.9969507768259038, "support": 3440.0}, "SERVICE,None": {"precision": 0.9966454209996646, "recall": 0.9989912575655683, "f1-score": 0.9978169605373636, "support": 2974.0}, "SERVICE,negative": {"precision": 0.9821428571428571, "recall": 0.9763313609467456, "f1-score": 0.9792284866468842, "support": 338.0}, "SERVICE,neutral": {"precision": 0.9939393939393939, "recall": 0.9479768786127167, "f1-score": 0.9704142011834319, "support": 173.0}, "SERVICE,positive": {"precision": 0.9962807996280799, "recall": 0.9976722532588455, "f1-score": 0.9969760409397534, "support": 2148.0}, "accuracy": 0.9949937866145926, "macro avg": {"precision": 0.9910820721441777, "recall": 0.9827360140032741, "f1-score": 0.9868178960160201, "support": 28165.0}, "weighted avg": {"precision": 0.9949806027957603, "recall": 0.9949937866145926, "f1-score": 0.9949738776319376, "support": 28165.0}, "static_polor_test": {"AMBIENCE,None": 4169, "AMBIENCE,negative": 470, "AMBIENCE,neutral": 153, "AMBIENCE,positive": 841, "LOCATION,None": 4084, "LOCATION,negative": 224, "LOCATION,neutral": 219, "LOCATION,positive": 1106, "PRICES,None": 3200, "PRICES,negative": 359, "PRICES,neutral": 633, "PRICES,positive": 1441, "QUALITY,None": 1340, "QUALITY,negative": 518, "QUALITY,neutral": 335, "QUALITY,positive": 3440, "SERVICE,None": 2974, "SERVICE,negative": 338, "SERVICE,neutral": 173, "SERVICE,positive": 2148}, "static_polar_pred": {"AMBIENCE,None": 4177, "AMBIENCE,negative": 471, "AMBIENCE,neutral": 144, "AMBIENCE,positive": 841, "LOCATION,None": 4095, "LOCATION,negative": 222, "LOCATION,neutral": 214, "LOCATION,positive": 1102, "PRICES,None": 3206, "PRICES,negative": 354, "PRICES,neutral": 636, "PRICES,positive": 1437, "QUALITY,None": 1342, "QUALITY,negative": 518, "QUALITY,neutral": 326, "QUALITY,positive": 3447, "SERVICE,None": 2981, "SERVICE,negative": 336, "SERVICE,neutral": 165, "SERVICE,positive": 2151}}