{"AMBIENCE,None": {"precision": 0.9883499762244413, "recall": 0.9971216118973375, "f1-score": 0.9927164179104477, "support": 4169.0}, "AMBIENCE,negative": {"precision": 0.8997912317327766, "recall": 0.9170212765957447, "f1-score": 0.9083245521601686, "support": 470.0}, "AMBIENCE,neutral": {"precision": 0.8285714285714286, "recall": 0.5686274509803921, "f1-score": 0.6744186046511628, "support": 153.0}, "AMBIENCE,positive": {"precision": 0.9691577698695136, "recall": 0.9714625445897741, "f1-score": 0.9703087885985748, "support": 841.0}, "LOCATION,None": {"precision": 0.9924537487828627, "recall": 0.9982859941234085, "f1-score": 0.995361328125, "support": 4084.0}, "LOCATION,negative": {"precision": 0.8701298701298701, "recall": 0.8973214285714286, "f1-score": 0.8835164835164835, "support": 224.0}, "LOCATION,neutral": {"precision": 0.9247311827956989, "recall": 0.7853881278538812, "f1-score": 0.8493827160493828, "support": 219.0}, "LOCATION,positive": {"precision": 0.9783393501805054, "recall": 0.9801084990958409, "f1-score": 0.979223125564589, "support": 1106.0}, "PRICES,None": {"precision": 0.9931464174454828, "recall": 0.99625, "f1-score": 0.9946957878315132, "support": 3200.0}, "PRICES,negative": {"precision": 0.9711815561959655, "recall": 0.9387186629526463, "f1-score": 0.9546742209631728, "support": 359.0}, "PRICES,neutral": {"precision": 0.965625, "recall": 0.976303317535545, "f1-score": 0.9709347996857817, "support": 633.0}, "PRICES,positive": {"precision": 0.983983286908078, "recall": 0.9805690492713394, "f1-score": 0.9822732012513035, "support": 1441.0}, "QUALITY,None": {"precision": 0.9595290654893304, "recall": 0.9731343283582089, "f1-score": 0.9662838088180807, "support": 1340.0}, "QUALITY,negative": {"precision": 0.9321357285429142, "recall": 0.9015444015444015, "f1-score": 0.9165848871442591, "support": 518.0}, "QUALITY,neutral": {"precision": 0.9397163120567376, "recall": 0.7910447761194029, "f1-score": 0.8589951377633711, "support": 335.0}, "QUALITY,positive": {"precision": 0.9765110283586365, "recall": 0.9909883720930233, "f1-score": 0.9836964363006782, "support": 3440.0}, "SERVICE,None": {"precision": 0.9893155258764608, "recall": 0.996301277740417, "f1-score": 0.992796113251801, "support": 2974.0}, "SERVICE,negative": {"precision": 0.9401197604790419, "recall": 0.9289940828402367, "f1-score": 0.9345238095238095, "support": 338.0}, "SERVICE,neutral": {"precision": 0.8905109489051095, "recall": 0.7052023121387283, "f1-score": 0.7870967741935484, "support": 173.0}, "SERVICE,positive": {"precision": 0.9801568989386248, "recall": 0.9888268156424581, "f1-score": 0.9844727694090383, "support": 2148.0}, "accuracy": 0.9781643884253506, "macro avg": {"precision": 0.9486728043741739, "recall": 0.9141607164972105, "f1-score": 0.9290139881356083, "support": 28165.0}, "weighted avg": {"precision": 0.9776579930176934, "recall": 0.9781643884253506, "f1-score": 0.9775652148267452, "support": 28165.0}, "static_polor_test": {"AMBIENCE,None": 4169, "AMBIENCE,negative": 470, "AMBIENCE,neutral": 153, "AMBIENCE,positive": 841, "LOCATION,None": 4084, "LOCATION,negative": 224, "LOCATION,neutral": 219, "LOCATION,positive": 1106, "PRICES,None": 3200, "PRICES,negative": 359, "PRICES,neutral": 633, "PRICES,positive": 1441, "QUALITY,None": 1340, "QUALITY,negative": 518, "QUALITY,neutral": 335, "QUALITY,positive": 3440, "SERVICE,None": 2974, "SERVICE,negative": 338, "SERVICE,neutral": 173, "SERVICE,positive": 2148}, "static_polar_pred": {"AMBIENCE,None": 4206, "AMBIENCE,negative": 479, "AMBIENCE,neutral": 105, "AMBIENCE,positive": 843, "LOCATION,None": 4108, "LOCATION,negative": 231, "LOCATION,neutral": 186, "LOCATION,positive": 1108, "PRICES,None": 3210, "PRICES,negative": 347, "PRICES,neutral": 640, "PRICES,positive": 1436, "QUALITY,None": 1359, "QUALITY,negative": 501, "QUALITY,neutral": 282, "QUALITY,positive": 3491, "SERVICE,None": 2995, "SERVICE,negative": 334, "SERVICE,neutral": 137, "SERVICE,positive": 2167}}