{"AMBIENCE,None": {"precision": 0.8286315789473684, "recall": 0.9128014842300557, "f1-score": 0.8686824100640035, "support": 2156.0}, "AMBIENCE,negative": {"precision": 1.0, "recall": 0.0, "f1-score": 0.0, "support": 92.0}, "AMBIENCE,neutral": {"precision": 1.0, "recall": 0.0, "f1-score": 0.0, "support": 132.0}, "AMBIENCE,positive": {"precision": 0.42277992277992277, "recall": 0.4269005847953216, "f1-score": 0.4248302618816683, "support": 513.0}, "LOCATION,None": {"precision": 0.8710680954026961, "recall": 1.0, "f1-score": 0.9310918159985221, "support": 2520.0}, "LOCATION,negative": {"precision": 1.0, "recall": 0.0, "f1-score": 0.0, "support": 72.0}, "LOCATION,neutral": {"precision": 1.0, "recall": 0.0, "f1-score": 0.0, "support": 168.0}, "LOCATION,positive": {"precision": 1.0, "recall": 0.0, "f1-score": 0.0, "support": 133.0}, "PRICES,None": {"precision": 0.8546875, "recall": 0.8780096308186196, "f1-score": 0.8661916072842438, "support": 1246.0}, "PRICES,negative": {"precision": 1.0, "recall": 0.0, "f1-score": 0.0, "support": 160.0}, "PRICES,neutral": {"precision": 0.46421267893660534, "recall": 0.3727422003284072, "f1-score": 0.4134790528233151, "support": 609.0}, "PRICES,positive": {"precision": 0.5409252669039146, "recall": 0.6924829157175398, "f1-score": 0.6073926073926074, "support": 878.0}, "QUALITY,None": {"precision": 1.0, "recall": 0.0, "f1-score": 0.0, "support": 209.0}, "QUALITY,negative": {"precision": 1.0, "recall": 0.0, "f1-score": 0.0, "support": 58.0}, "QUALITY,neutral": {"precision": 1.0, "recall": 0.0, "f1-score": 0.0, "support": 283.0}, "QUALITY,positive": {"precision": 0.8098859315589354, "recall": 1.0, "f1-score": 0.8949579831932774, "support": 2343.0}, "SERVICE,None": {"precision": 0.9368131868131868, "recall": 0.9752144899904671, "f1-score": 0.9556282111163008, "support": 2098.0}, "SERVICE,negative": {"precision": 1.0, "recall": 0.0, "f1-score": 0.0, "support": 110.0}, "SERVICE,neutral": {"precision": 1.0, "recall": 0.0, "f1-score": 0.0, "support": 77.0}, "SERVICE,positive": {"precision": 0.7348377997179125, "recall": 0.8569078947368421, "f1-score": 0.7911921032649962, "support": 608.0}, "accuracy": 0.7982025578983754, "macro avg": {"precision": 0.8731920980530271, "recall": 0.35575296003086265, "f1-score": 0.3376723026509467, "support": 14465.0}, "weighted avg": {"precision": 0.8174810993177045, "recall": 0.7982025578983754, "f1-score": 0.7524633330262569, "support": 14465.0}}