{"AMBIENCE,None": {"precision": 0.9971223021582734, "recall": 0.9973614775725593, "f1-score": 0.9972418755246433, "support": 4169.0}, "AMBIENCE,negative": {"precision": 0.9827586206896551, "recall": 0.9702127659574468, "f1-score": 0.9764453961456103, "support": 470.0}, "AMBIENCE,neutral": {"precision": 0.9305555555555556, "recall": 0.8758169934640523, "f1-score": 0.9023569023569024, "support": 153.0}, "AMBIENCE,positive": {"precision": 0.9777777777777777, "recall": 0.9940546967895363, "f1-score": 0.9858490566037735, "support": 841.0}, "LOCATION,None": {"precision": 0.997062423500612, "recall": 0.9973065621939275, "f1-score": 0.9971844779042722, "support": 4084.0}, "LOCATION,negative": {"precision": 0.9508928571428571, "recall": 0.9508928571428571, "f1-score": 0.9508928571428571, "support": 224.0}, "LOCATION,neutral": {"precision": 0.9299065420560748, "recall": 0.908675799086758, "f1-score": 0.9191685912240185, "support": 219.0}, "LOCATION,positive": {"precision": 0.9864864864864865, "recall": 0.9900542495479204, "f1-score": 0.9882671480144405, "support": 1106.0}, "PRICES,None": {"precision": 0.9962581852198317, "recall": 0.9984375, "f1-score": 0.9973466520992664, "support": 3200.0}, "PRICES,negative": {"precision": 0.9749303621169917, "recall": 0.9749303621169917, "f1-score": 0.9749303621169917, "support": 359.0}, "PRICES,neutral": {"precision": 0.9889240506329114, "recall": 0.9873617693522907, "f1-score": 0.9881422924901185, "support": 633.0}, "PRICES,positive": {"precision": 0.9923344947735192, "recall": 0.9882026370575989, "f1-score": 0.9902642559109874, "support": 1441.0}, "QUALITY,None": {"precision": 0.9910514541387024, "recall": 0.9917910447761195, "f1-score": 0.9914211115255501, "support": 1340.0}, "QUALITY,negative": {"precision": 0.9656488549618321, "recall": 0.9768339768339769, "f1-score": 0.9712092130518234, "support": 518.0}, "QUALITY,neutral": {"precision": 0.9629629629629629, "recall": 0.9313432835820895, "f1-score": 0.9468892261001517, "support": 335.0}, "QUALITY,positive": {"precision": 0.9947735191637631, "recall": 0.9959302325581395, "f1-score": 0.9953515398024404, "support": 3440.0}, "SERVICE,None": {"precision": 0.9966409136714813, "recall": 0.9976462676529926, "f1-score": 0.997143337254243, "support": 2974.0}, "SERVICE,negative": {"precision": 0.9364161849710982, "recall": 0.9585798816568047, "f1-score": 0.9473684210526315, "support": 338.0}, "SERVICE,neutral": {"precision": 0.9135802469135802, "recall": 0.8554913294797688, "f1-score": 0.8835820895522388, "support": 173.0}, "SERVICE,positive": {"precision": 0.99487895716946, "recall": 0.99487895716946, "f1-score": 0.99487895716946, "support": 2148.0}, "accuracy": 0.9908396946564886, "macro avg": {"precision": 0.9730481376031712, "recall": 0.9667901321995644, "f1-score": 0.969796688152121, "support": 28165.0}, "weighted avg": {"precision": 0.9907920423583865, "recall": 0.9908396946564886, "f1-score": 0.9907960122762732, "support": 28165.0}, "static_polor_test": {"AMBIENCE,None": 4169, "AMBIENCE,negative": 470, "AMBIENCE,neutral": 153, "AMBIENCE,positive": 841, "LOCATION,None": 4084, "LOCATION,negative": 224, "LOCATION,neutral": 219, "LOCATION,positive": 1106, "PRICES,None": 3200, "PRICES,negative": 359, "PRICES,neutral": 633, "PRICES,positive": 1441, "QUALITY,None": 1340, "QUALITY,negative": 518, "QUALITY,neutral": 335, "QUALITY,positive": 3440, "SERVICE,None": 2974, "SERVICE,negative": 338, "SERVICE,neutral": 173, "SERVICE,positive": 2148}, "static_polar_pred": {"AMBIENCE,None": 4170, "AMBIENCE,negative": 464, "AMBIENCE,neutral": 144, "AMBIENCE,positive": 855, "LOCATION,None": 4085, "LOCATION,negative": 224, "LOCATION,neutral": 214, "LOCATION,positive": 1110, "PRICES,None": 3207, "PRICES,negative": 359, "PRICES,neutral": 632, "PRICES,positive": 1435, "QUALITY,None": 1341, "QUALITY,negative": 524, "QUALITY,neutral": 324, "QUALITY,positive": 3444, "SERVICE,None": 2977, "SERVICE,negative": 346, "SERVICE,neutral": 162, "SERVICE,positive": 2148}}