{"AMBIENCE,None": {"precision": 0.9985111662531018, "recall": 0.9995032290114257, "f1-score": 0.9990069513406157, "support": 2013.0}, "AMBIENCE,negative": {"precision": 0.9895287958115183, "recall": 1.0, "f1-score": 0.9947368421052631, "support": 378.0}, "AMBIENCE,neutral": {"precision": 1.0, "recall": 0.3333333333333333, "f1-score": 0.5, "support": 21.0}, "AMBIENCE,positive": {"precision": 0.9761904761904762, "recall": 1.0, "f1-score": 0.9879518072289156, "support": 328.0}, "LOCATION,None": {"precision": 0.9993610223642172, "recall": 1.0, "f1-score": 0.9996804090763822, "support": 1564.0}, "LOCATION,negative": {"precision": 0.993421052631579, "recall": 0.993421052631579, "f1-score": 0.993421052631579, "support": 152.0}, "LOCATION,neutral": {"precision": 1.0, "recall": 0.9803921568627451, "f1-score": 0.9900990099009901, "support": 51.0}, "LOCATION,positive": {"precision": 1.0, "recall": 1.0, "f1-score": 1.0, "support": 973.0}, "PRICES,None": {"precision": 0.9994882292732856, "recall": 0.9994882292732856, "f1-score": 0.9994882292732856, "support": 1954.0}, "PRICES,negative": {"precision": 0.9707317073170731, "recall": 1.0, "f1-score": 0.9851485148514851, "support": 199.0}, "PRICES,neutral": {"precision": 1.0, "recall": 0.4166666666666667, "f1-score": 0.5882352941176471, "support": 24.0}, "PRICES,positive": {"precision": 0.9859894921190894, "recall": 1.0, "f1-score": 0.9929453262786596, "support": 563.0}, "QUALITY,None": {"precision": 1.0, "recall": 1.0, "f1-score": 1.0, "support": 1131.0}, "QUALITY,negative": {"precision": 1.0, "recall": 1.0, "f1-score": 1.0, "support": 460.0}, "QUALITY,neutral": {"precision": 1.0, "recall": 0.9615384615384616, "f1-score": 0.9803921568627451, "support": 52.0}, "QUALITY,positive": {"precision": 0.9981801637852593, "recall": 1.0, "f1-score": 0.9990892531876139, "support": 1097.0}, "SERVICE,None": {"precision": 1.0, "recall": 1.0, "f1-score": 1.0, "support": 876.0}, "SERVICE,negative": {"precision": 1.0, "recall": 1.0, "f1-score": 1.0, "support": 228.0}, "SERVICE,neutral": {"precision": 0.9896907216494846, "recall": 1.0, "f1-score": 0.9948186528497409, "support": 96.0}, "SERVICE,positive": {"precision": 1.0, "recall": 0.9993506493506493, "f1-score": 0.9996752192270217, "support": 1540.0}, "accuracy": 0.9974452554744525, "macro avg": {"precision": 0.9950546413697543, "recall": 0.9341846889334073, "f1-score": 0.9502344359465973, "support": 13700.0}, "weighted avg": {"precision": 0.9974844978410426, "recall": 0.9974452554744525, "f1-score": 0.9969875235643769, "support": 13700.0}, "static_polor_test": {"AMBIENCE,None": 2013, "AMBIENCE,negative": 378, "AMBIENCE,neutral": 21, "AMBIENCE,positive": 328, "LOCATION,None": 1564, "LOCATION,negative": 152, "LOCATION,neutral": 51, "LOCATION,positive": 973, "PRICES,None": 1954, "PRICES,negative": 199, "PRICES,neutral": 24, "PRICES,positive": 563, "QUALITY,None": 1131, "QUALITY,negative": 460, "QUALITY,neutral": 52, "QUALITY,positive": 1097, "SERVICE,None": 876, "SERVICE,negative": 228, "SERVICE,neutral": 96, "SERVICE,positive": 1540}, "static_polar_pred": {"AMBIENCE,None": 2015, "AMBIENCE,negative": 382, "AMBIENCE,neutral": 7, "AMBIENCE,positive": 336, "LOCATION,None": 1565, "LOCATION,negative": 152, "LOCATION,neutral": 50, "LOCATION,positive": 973, "PRICES,None": 1954, "PRICES,negative": 205, "PRICES,neutral": 10, "PRICES,positive": 571, "QUALITY,None": 1131, "QUALITY,negative": 460, "QUALITY,neutral": 50, "QUALITY,positive": 1099, "SERVICE,None": 876, "SERVICE,negative": 228, "SERVICE,neutral": 97, "SERVICE,positive": 1539}}