{"AMBIENCE,None": {"precision": 0.9786172487526729, "recall": 0.9880067162389062, "f1-score": 0.9832895679159704, "support": 4169.0}, "AMBIENCE,negative": {"precision": 0.8488612836438924, "recall": 0.8723404255319149, "f1-score": 0.8604407135362014, "support": 470.0}, "AMBIENCE,neutral": {"precision": 0.6956521739130435, "recall": 0.3137254901960784, "f1-score": 0.43243243243243246, "support": 153.0}, "AMBIENCE,positive": {"precision": 0.8967889908256881, "recall": 0.929845422116528, "f1-score": 0.9130180969060129, "support": 841.0}, "LOCATION,None": {"precision": 0.9849038227416606, "recall": 0.9904505386875612, "f1-score": 0.9876693932364791, "support": 4084.0}, "LOCATION,negative": {"precision": 0.7758620689655172, "recall": 0.8035714285714286, "f1-score": 0.7894736842105263, "support": 224.0}, "LOCATION,neutral": {"precision": 0.7961783439490446, "recall": 0.5707762557077626, "f1-score": 0.6648936170212766, "support": 219.0}, "LOCATION,positive": {"precision": 0.9252418645558487, "recall": 0.9511754068716094, "f1-score": 0.9380294248773964, "support": 1106.0}, "PRICES,None": {"precision": 0.9820099255583127, "recall": 0.989375, "f1-score": 0.9856787048567871, "support": 3200.0}, "PRICES,negative": {"precision": 0.8674351585014409, "recall": 0.8384401114206128, "f1-score": 0.8526912181303116, "support": 359.0}, "PRICES,neutral": {"precision": 0.8511278195488722, "recall": 0.8941548183254344, "f1-score": 0.8721109399075501, "support": 633.0}, "PRICES,positive": {"precision": 0.952755905511811, "recall": 0.9236641221374046, "f1-score": 0.937984496124031, "support": 1441.0}, "QUALITY,None": {"precision": 0.8593073593073594, "recall": 0.8888059701492538, "f1-score": 0.8738077769625825, "support": 1340.0}, "QUALITY,negative": {"precision": 0.7509727626459144, "recall": 0.7451737451737451, "f1-score": 0.748062015503876, "support": 518.0}, "QUALITY,neutral": {"precision": 0.772020725388601, "recall": 0.44477611940298506, "f1-score": 0.5643939393939394, "support": 335.0}, "QUALITY,positive": {"precision": 0.9384180790960452, "recall": 0.9656976744186047, "f1-score": 0.951862464183381, "support": 3440.0}, "SERVICE,None": {"precision": 0.9816971713810316, "recall": 0.991930060524546, "f1-score": 0.9867870881418297, "support": 2974.0}, "SERVICE,negative": {"precision": 0.788659793814433, "recall": 0.9053254437869822, "f1-score": 0.8429752066115702, "support": 338.0}, "SERVICE,neutral": {"precision": 0.8313253012048193, "recall": 0.3988439306358382, "f1-score": 0.5390625, "support": 173.0}, "SERVICE,positive": {"precision": 0.9768196569309225, "recall": 0.9809124767225326, "f1-score": 0.9788617886178862, "support": 2148.0}, "accuracy": 0.9446121072252796, "macro avg": {"precision": 0.8727327728118466, "recall": 0.8193495578309864, "f1-score": 0.8351762534285021, "support": 28165.0}, "weighted avg": {"precision": 0.9428093254543073, "recall": 0.9446121072252796, "f1-score": 0.9420429082812682, "support": 28165.0}, "static_polor_test": {"AMBIENCE,None": 4169, "AMBIENCE,negative": 470, "AMBIENCE,neutral": 153, "AMBIENCE,positive": 841, "LOCATION,None": 4084, "LOCATION,negative": 224, "LOCATION,neutral": 219, "LOCATION,positive": 1106, "PRICES,None": 3200, "PRICES,negative": 359, "PRICES,neutral": 633, "PRICES,positive": 1441, "QUALITY,None": 1340, "QUALITY,negative": 518, "QUALITY,neutral": 335, "QUALITY,positive": 3440, "SERVICE,None": 2974, "SERVICE,negative": 338, "SERVICE,neutral": 173, "SERVICE,positive": 2148}, "static_polar_pred": {"AMBIENCE,None": 4209, "AMBIENCE,negative": 483, "AMBIENCE,neutral": 69, "AMBIENCE,positive": 872, "LOCATION,None": 4107, "LOCATION,negative": 232, "LOCATION,neutral": 157, "LOCATION,positive": 1137, "PRICES,None": 3224, "PRICES,negative": 347, "PRICES,neutral": 665, "PRICES,positive": 1397, "QUALITY,None": 1386, "QUALITY,negative": 514, "QUALITY,neutral": 193, "QUALITY,positive": 3540, "SERVICE,None": 3005, "SERVICE,negative": 388, "SERVICE,neutral": 83, "SERVICE,positive": 2157}}