{"AMBIENCE,None": {"precision": 0.9894962998328957, "recall": 0.994243223794675, "f1-score": 0.9918640823163436, "support": 4169.0}, "AMBIENCE,negative": {"precision": 0.9437229437229437, "recall": 0.9276595744680851, "f1-score": 0.9356223175965666, "support": 470.0}, "AMBIENCE,neutral": {"precision": 0.8, "recall": 0.7058823529411765, "f1-score": 0.75, "support": 153.0}, "AMBIENCE,positive": {"precision": 0.9551357733175915, "recall": 0.9619500594530321, "f1-score": 0.9585308056872038, "support": 841.0}, "LOCATION,None": {"precision": 0.994140625, "recall": 0.9970617042115573, "f1-score": 0.9955990220048899, "support": 4084.0}, "LOCATION,negative": {"precision": 0.8913043478260869, "recall": 0.9151785714285714, "f1-score": 0.9030837004405287, "support": 224.0}, "LOCATION,neutral": {"precision": 0.9035532994923858, "recall": 0.8127853881278538, "f1-score": 0.8557692307692307, "support": 219.0}, "LOCATION,positive": {"precision": 0.9819819819819819, "recall": 0.9855334538878843, "f1-score": 0.983754512635379, "support": 1106.0}, "PRICES,None": {"precision": 0.993439550140581, "recall": 0.99375, "f1-score": 0.9935947508201843, "support": 3200.0}, "PRICES,negative": {"precision": 0.9492957746478873, "recall": 0.9387186629526463, "f1-score": 0.9439775910364145, "support": 359.0}, "PRICES,neutral": {"precision": 0.9575471698113207, "recall": 0.9620853080568721, "f1-score": 0.9598108747044918, "support": 633.0}, "PRICES,positive": {"precision": 0.9770992366412213, "recall": 0.9770992366412213, "f1-score": 0.9770992366412213, "support": 1441.0}, "QUALITY,None": {"precision": 0.9629355077835434, "recall": 0.9694029850746269, "f1-score": 0.9661584232056527, "support": 1340.0}, "QUALITY,negative": {"precision": 0.9239766081871345, "recall": 0.915057915057915, "f1-score": 0.9194956353055286, "support": 518.0}, "QUALITY,neutral": {"precision": 0.9439252336448598, "recall": 0.9044776119402985, "f1-score": 0.9237804878048781, "support": 335.0}, "QUALITY,positive": {"precision": 0.984927536231884, "recall": 0.9877906976744186, "f1-score": 0.9863570391872278, "support": 3440.0}, "SERVICE,None": {"precision": 0.9929553840992955, "recall": 0.9952925353059852, "f1-score": 0.9941225860621327, "support": 2974.0}, "SERVICE,negative": {"precision": 0.9452887537993921, "recall": 0.9201183431952663, "f1-score": 0.9325337331334332, "support": 338.0}, "SERVICE,neutral": {"precision": 0.8417721518987342, "recall": 0.7687861271676301, "f1-score": 0.8036253776435045, "support": 173.0}, "SERVICE,positive": {"precision": 0.9833718244803695, "recall": 0.9911545623836127, "f1-score": 0.9872478553211221, "support": 2148.0}, "accuracy": 0.9793715604473637, "macro avg": {"precision": 0.9457935001270054, "recall": 0.9312014156881665, "f1-score": 0.9381013631157968, "support": 28165.0}, "weighted avg": {"precision": 0.9790810647883398, "recall": 0.9793715604473637, "f1-score": 0.9791674441866545, "support": 28165.0}, "static_polor_test": {"AMBIENCE,None": 4169, "AMBIENCE,negative": 470, "AMBIENCE,neutral": 153, "AMBIENCE,positive": 841, "LOCATION,None": 4084, "LOCATION,negative": 224, "LOCATION,neutral": 219, "LOCATION,positive": 1106, "PRICES,None": 3200, "PRICES,negative": 359, "PRICES,neutral": 633, "PRICES,positive": 1441, "QUALITY,None": 1340, "QUALITY,negative": 518, "QUALITY,neutral": 335, "QUALITY,positive": 3440, "SERVICE,None": 2974, "SERVICE,negative": 338, "SERVICE,neutral": 173, "SERVICE,positive": 2148}, "static_polar_pred": {"AMBIENCE,None": 4189, "AMBIENCE,negative": 462, "AMBIENCE,neutral": 135, "AMBIENCE,positive": 847, "LOCATION,None": 4096, "LOCATION,negative": 230, "LOCATION,neutral": 197, "LOCATION,positive": 1110, "PRICES,None": 3201, "PRICES,negative": 355, "PRICES,neutral": 636, "PRICES,positive": 1441, "QUALITY,None": 1349, "QUALITY,negative": 513, "QUALITY,neutral": 321, "QUALITY,positive": 3450, "SERVICE,None": 2981, "SERVICE,negative": 329, "SERVICE,neutral": 158, "SERVICE,positive": 2165}}