{"AMBIENCE,None": {"precision": 0.8459201388888888, "recall": 0.9039888682745826, "f1-score": 0.8739910313901346, "support": 2156.0}, "AMBIENCE,negative": {"precision": 1.0, "recall": 0.0, "f1-score": 0.0, "support": 92.0}, "AMBIENCE,neutral": {"precision": 1.0, "recall": 0.0, "f1-score": 0.0, "support": 132.0}, "AMBIENCE,positive": {"precision": 0.4702886247877759, "recall": 0.5399610136452242, "f1-score": 0.5027223230490018, "support": 513.0}, "LOCATION,None": {"precision": 0.8710680954026961, "recall": 1.0, "f1-score": 0.9310918159985221, "support": 2520.0}, "LOCATION,negative": {"precision": 1.0, "recall": 0.0, "f1-score": 0.0, "support": 72.0}, "LOCATION,neutral": {"precision": 1.0, "recall": 0.0, "f1-score": 0.0, "support": 168.0}, "LOCATION,positive": {"precision": 1.0, "recall": 0.0, "f1-score": 0.0, "support": 133.0}, "PRICES,None": {"precision": 0.8777876895628903, "recall": 0.7897271268057785, "f1-score": 0.8314321926489227, "support": 1246.0}, "PRICES,negative": {"precision": 1.0, "recall": 0.0, "f1-score": 0.0, "support": 160.0}, "PRICES,neutral": {"precision": 0.4558011049723757, "recall": 0.270935960591133, "f1-score": 0.33985581874356335, "support": 609.0}, "PRICES,positive": {"precision": 0.4624113475177305, "recall": 0.7425968109339408, "f1-score": 0.5699300699300699, "support": 878.0}, "QUALITY,None": {"precision": 1.0, "recall": 0.0, "f1-score": 0.0, "support": 209.0}, "QUALITY,negative": {"precision": 1.0, "recall": 0.0, "f1-score": 0.0, "support": 58.0}, "QUALITY,neutral": {"precision": 1.0, "recall": 0.0, "f1-score": 0.0, "support": 283.0}, "QUALITY,positive": {"precision": 0.8098859315589354, "recall": 1.0, "f1-score": 0.8949579831932774, "support": 2343.0}, "SERVICE,None": {"precision": 0.9274826789838337, "recall": 0.9571020019065777, "f1-score": 0.9420595824536712, "support": 2098.0}, "SERVICE,negative": {"precision": 1.0, "recall": 0.0, "f1-score": 0.0, "support": 110.0}, "SERVICE,neutral": {"precision": 1.0, "recall": 0.0, "f1-score": 0.0, "support": 77.0}, "SERVICE,positive": {"precision": 0.6909340659340659, "recall": 0.8273026315789473, "f1-score": 0.7529940119760479, "support": 608.0}, "accuracy": 0.788178361562392, "macro avg": {"precision": 0.8705789838804595, "recall": 0.35158072068680923, "f1-score": 0.3319517414691605, "support": 14465.0}, "weighted avg": {"precision": 0.8154141923164918, "recall": 0.788178361562392, "f1-score": 0.7440757564232714, "support": 14465.0}}