{"AMBIENCE,None": {"precision": 0.89380332285586, "recall": 0.9549052530582873, "f1-score": 0.9233445436622985, "support": 4169.0}, "AMBIENCE,negative": {"precision": 0.6676470588235294, "recall": 0.4829787234042553, "f1-score": 0.5604938271604938, "support": 470.0}, "AMBIENCE,neutral": {"precision": 0.45, "recall": 0.058823529411764705, "f1-score": 0.10404624277456648, "support": 153.0}, "AMBIENCE,positive": {"precision": 0.6886446886446886, "recall": 0.6706302021403091, "f1-score": 0.6795180722891566, "support": 841.0}, "LOCATION,None": {"precision": 0.936094674556213, "recall": 0.968413320274241, "f1-score": 0.9519797809604044, "support": 4084.0}, "LOCATION,negative": {"precision": 0.41379310344827586, "recall": 0.05357142857142857, "f1-score": 0.09486166007905138, "support": 224.0}, "LOCATION,neutral": {"precision": 0.449438202247191, "recall": 0.182648401826484, "f1-score": 0.2597402597402597, "support": 219.0}, "LOCATION,positive": {"precision": 0.7434108527131783, "recall": 0.8670886075949367, "f1-score": 0.8005008347245409, "support": 1106.0}, "PRICES,None": {"precision": 0.9454990814451929, "recall": 0.965, "f1-score": 0.9551500154655119, "support": 3200.0}, "PRICES,negative": {"precision": 0.6386554621848739, "recall": 0.4233983286908078, "f1-score": 0.509212730318258, "support": 359.0}, "PRICES,neutral": {"precision": 0.6577380952380952, "recall": 0.69826224328594, "f1-score": 0.6773946360153257, "support": 633.0}, "PRICES,positive": {"precision": 0.821551132463967, "recall": 0.8306731436502429, "f1-score": 0.8260869565217391, "support": 1441.0}, "QUALITY,None": {"precision": 0.687548942834769, "recall": 0.655223880597015, "f1-score": 0.6709973251815056, "support": 1340.0}, "QUALITY,negative": {"precision": 0.539647577092511, "recall": 0.47297297297297297, "f1-score": 0.5041152263374485, "support": 518.0}, "QUALITY,neutral": {"precision": 0.4594594594594595, "recall": 0.050746268656716415, "f1-score": 0.0913978494623656, "support": 335.0}, "QUALITY,positive": {"precision": 0.8064683053040104, "recall": 0.9061046511627907, "f1-score": 0.8533880903490759, "support": 3440.0}, "SERVICE,None": {"precision": 0.9423583662714098, "recall": 0.9620040349697377, "f1-score": 0.9520798668885191, "support": 2974.0}, "SERVICE,negative": {"precision": 0.6577380952380952, "recall": 0.6538461538461539, "f1-score": 0.655786350148368, "support": 338.0}, "SERVICE,neutral": {"precision": 0.42857142857142855, "recall": 0.017341040462427744, "f1-score": 0.03333333333333333, "support": 173.0}, "SERVICE,positive": {"precision": 0.8944099378881988, "recall": 0.9385474860335196, "f1-score": 0.9159472966833258, "support": 2148.0}, "accuracy": 0.8515533463518551, "macro avg": {"precision": 0.6861238893640474, "recall": 0.5906589835305016, "f1-score": 0.6009687449047775, "support": 28165.0}, "weighted avg": {"precision": 0.8353887937389343, "recall": 0.8515533463518551, "f1-score": 0.8366055197946709, "support": 28165.0}, "static_polor_test": {"AMBIENCE,None": 4169, "AMBIENCE,negative": 470, "AMBIENCE,neutral": 153, "AMBIENCE,positive": 841, "LOCATION,None": 4084, "LOCATION,negative": 224, "LOCATION,neutral": 219, "LOCATION,positive": 1106, "PRICES,None": 3200, "PRICES,negative": 359, "PRICES,neutral": 633, "PRICES,positive": 1441, "QUALITY,None": 1340, "QUALITY,negative": 518, "QUALITY,neutral": 335, "QUALITY,positive": 3440, "SERVICE,None": 2974, "SERVICE,negative": 338, "SERVICE,neutral": 173, "SERVICE,positive": 2148}, "static_polar_pred": {"AMBIENCE,None": 4454, "AMBIENCE,negative": 340, "AMBIENCE,neutral": 20, "AMBIENCE,positive": 819, "LOCATION,None": 4225, "LOCATION,negative": 29, "LOCATION,neutral": 89, "LOCATION,positive": 1290, "PRICES,None": 3266, "PRICES,negative": 238, "PRICES,neutral": 672, "PRICES,positive": 1457, "QUALITY,None": 1277, "QUALITY,negative": 454, "QUALITY,neutral": 37, "QUALITY,positive": 3865, "SERVICE,None": 3036, "SERVICE,negative": 336, "SERVICE,neutral": 7, "SERVICE,positive": 2254}}