{"AMBIENCE,None": {"precision": 0.9885359445903988, "recall": 0.9928040297433437, "f1-score": 0.9906653901388224, "support": 4169.0}, "AMBIENCE,negative": {"precision": 0.9224318658280922, "recall": 0.9361702127659575, "f1-score": 0.9292502639915523, "support": 470.0}, "AMBIENCE,neutral": {"precision": 0.8270676691729323, "recall": 0.7189542483660131, "f1-score": 0.7692307692307693, "support": 153.0}, "AMBIENCE,positive": {"precision": 0.9557416267942583, "recall": 0.9500594530321046, "f1-score": 0.9528920691711389, "support": 841.0}, "LOCATION,None": {"precision": 0.9907271839921913, "recall": 0.9941234084231146, "f1-score": 0.9924223906135419, "support": 4084.0}, "LOCATION,negative": {"precision": 0.8981481481481481, "recall": 0.8660714285714286, "f1-score": 0.8818181818181818, "support": 224.0}, "LOCATION,neutral": {"precision": 0.847926267281106, "recall": 0.8401826484018264, "f1-score": 0.8440366972477065, "support": 219.0}, "LOCATION,positive": {"precision": 0.97005444646098, "recall": 0.9665461121157324, "f1-score": 0.9682971014492754, "support": 1106.0}, "PRICES,None": {"precision": 0.9915730337078652, "recall": 0.9928125, "f1-score": 0.9921923797626483, "support": 3200.0}, "PRICES,negative": {"precision": 0.925, "recall": 0.9275766016713092, "f1-score": 0.9262865090403338, "support": 359.0}, "PRICES,neutral": {"precision": 0.9427662957074722, "recall": 0.9368088467614534, "f1-score": 0.9397781299524565, "support": 633.0}, "PRICES,positive": {"precision": 0.9756944444444444, "recall": 0.9750173490631506, "f1-score": 0.9753557792433183, "support": 1441.0}, "QUALITY,None": {"precision": 0.9651593773165308, "recall": 0.9716417910447761, "f1-score": 0.9683897359613239, "support": 1340.0}, "QUALITY,negative": {"precision": 0.9224806201550387, "recall": 0.918918918918919, "f1-score": 0.9206963249516441, "support": 518.0}, "QUALITY,neutral": {"precision": 0.88125, "recall": 0.8417910447761194, "f1-score": 0.8610687022900764, "support": 335.0}, "QUALITY,positive": {"precision": 0.9834686774941995, "recall": 0.9857558139534883, "f1-score": 0.9846109175377468, "support": 3440.0}, "SERVICE,None": {"precision": 0.9916079221215173, "recall": 0.9932750504371217, "f1-score": 0.9924407861582395, "support": 2974.0}, "SERVICE,negative": {"precision": 0.9005681818181818, "recall": 0.9378698224852071, "f1-score": 0.9188405797101449, "support": 338.0}, "SERVICE,neutral": {"precision": 0.85, "recall": 0.6878612716763006, "f1-score": 0.7603833865814696, "support": 173.0}, "SERVICE,positive": {"precision": 0.982886216466235, "recall": 0.9892923649906891, "f1-score": 0.9860788863109049, "support": 2148.0}, "accuracy": 0.9752884786082017, "macro avg": {"precision": 0.9356543960749797, "recall": 0.9211766458599028, "f1-score": 0.9277367490580648, "support": 28165.0}, "weighted avg": {"precision": 0.9749706749552305, "recall": 0.9752884786082017, "f1-score": 0.975039947744357, "support": 28165.0}, "static_polor_test": {"AMBIENCE,None": 4169, "AMBIENCE,negative": 470, "AMBIENCE,neutral": 153, "AMBIENCE,positive": 841, "LOCATION,None": 4084, "LOCATION,negative": 224, "LOCATION,neutral": 219, "LOCATION,positive": 1106, "PRICES,None": 3200, "PRICES,negative": 359, "PRICES,neutral": 633, "PRICES,positive": 1441, "QUALITY,None": 1340, "QUALITY,negative": 518, "QUALITY,neutral": 335, "QUALITY,positive": 3440, "SERVICE,None": 2974, "SERVICE,negative": 338, "SERVICE,neutral": 173, "SERVICE,positive": 2148}, "static_polar_pred": {"AMBIENCE,None": 4187, "AMBIENCE,negative": 477, "AMBIENCE,neutral": 133, "AMBIENCE,positive": 836, "LOCATION,None": 4098, "LOCATION,negative": 216, "LOCATION,neutral": 217, "LOCATION,positive": 1102, "PRICES,None": 3204, "PRICES,negative": 360, "PRICES,neutral": 629, "PRICES,positive": 1440, "QUALITY,None": 1349, "QUALITY,negative": 516, "QUALITY,neutral": 320, "QUALITY,positive": 3448, "SERVICE,None": 2979, "SERVICE,negative": 352, "SERVICE,neutral": 140, "SERVICE,positive": 2162}}