{"AMBIENCE,None": {"precision": 0.9937858508604207, "recall": 0.9973614775725593, "f1-score": 0.9955704537291991, "support": 4169.0}, "AMBIENCE,negative": {"precision": 0.9190871369294605, "recall": 0.9425531914893617, "f1-score": 0.930672268907563, "support": 470.0}, "AMBIENCE,neutral": {"precision": 0.8245614035087719, "recall": 0.6143790849673203, "f1-score": 0.704119850187266, "support": 153.0}, "AMBIENCE,positive": {"precision": 0.9648300117233294, "recall": 0.9785969084423306, "f1-score": 0.9716646989374262, "support": 841.0}, "LOCATION,None": {"precision": 0.9943875061005368, "recall": 0.997796278158668, "f1-score": 0.9960889758005378, "support": 4084.0}, "LOCATION,negative": {"precision": 0.8927038626609443, "recall": 0.9285714285714286, "f1-score": 0.9102844638949672, "support": 224.0}, "LOCATION,neutral": {"precision": 0.9470899470899471, "recall": 0.817351598173516, "f1-score": 0.8774509803921569, "support": 219.0}, "LOCATION,positive": {"precision": 0.9820305480682839, "recall": 0.9882459312839059, "f1-score": 0.9851284362325372, "support": 1106.0}, "PRICES,None": {"precision": 0.9934579439252337, "recall": 0.9965625, "f1-score": 0.9950078003120125, "support": 3200.0}, "PRICES,negative": {"precision": 0.9570200573065902, "recall": 0.9303621169916435, "f1-score": 0.943502824858757, "support": 359.0}, "PRICES,neutral": {"precision": 0.9622641509433962, "recall": 0.966824644549763, "f1-score": 0.9645390070921985, "support": 633.0}, "PRICES,positive": {"precision": 0.9874826147426982, "recall": 0.9854267869535045, "f1-score": 0.986453629732546, "support": 1441.0}, "QUALITY,None": {"precision": 0.9770029673590505, "recall": 0.9828358208955223, "f1-score": 0.9799107142857143, "support": 1340.0}, "QUALITY,negative": {"precision": 0.9398058252427185, "recall": 0.9343629343629344, "f1-score": 0.9370764762826719, "support": 518.0}, "QUALITY,neutral": {"precision": 0.9153605015673981, "recall": 0.8716417910447761, "f1-score": 0.8929663608562691, "support": 335.0}, "QUALITY,positive": {"precision": 0.9895682410895392, "recall": 0.9927325581395349, "f1-score": 0.991147874038601, "support": 3440.0}, "SERVICE,None": {"precision": 0.9956434316353887, "recall": 0.9989912575655683, "f1-score": 0.9973145350788856, "support": 2974.0}, "SERVICE,negative": {"precision": 0.9497041420118343, "recall": 0.9497041420118343, "f1-score": 0.9497041420118343, "support": 338.0}, "SERVICE,neutral": {"precision": 0.9084967320261438, "recall": 0.8034682080924855, "f1-score": 0.852760736196319, "support": 173.0}, "SERVICE,positive": {"precision": 0.9907321594068582, "recall": 0.9953445065176909, "f1-score": 0.993032977241059, "support": 2148.0}, "accuracy": 0.9836676726433516, "macro avg": {"precision": 0.9542507517099272, "recall": 0.9336556582892174, "f1-score": 0.9427198603034261, "support": 28165.0}, "weighted avg": {"precision": 0.9833484179755805, "recall": 0.9836676726433516, "f1-score": 0.983348981197356, "support": 28165.0}, "static_polor_test": {"AMBIENCE,None": 4169, "AMBIENCE,negative": 470, "AMBIENCE,neutral": 153, "AMBIENCE,positive": 841, "LOCATION,None": 4084, "LOCATION,negative": 224, "LOCATION,neutral": 219, "LOCATION,positive": 1106, "PRICES,None": 3200, "PRICES,negative": 359, "PRICES,neutral": 633, "PRICES,positive": 1441, "QUALITY,None": 1340, "QUALITY,negative": 518, "QUALITY,neutral": 335, "QUALITY,positive": 3440, "SERVICE,None": 2974, "SERVICE,negative": 338, "SERVICE,neutral": 173, "SERVICE,positive": 2148}, "static_polar_pred": {"AMBIENCE,None": 4184, "AMBIENCE,negative": 482, "AMBIENCE,neutral": 114, "AMBIENCE,positive": 853, "LOCATION,None": 4098, "LOCATION,negative": 233, "LOCATION,neutral": 189, "LOCATION,positive": 1113, "PRICES,None": 3210, "PRICES,negative": 349, "PRICES,neutral": 636, "PRICES,positive": 1438, "QUALITY,None": 1348, "QUALITY,negative": 515, "QUALITY,neutral": 319, "QUALITY,positive": 3451, "SERVICE,None": 2984, "SERVICE,negative": 338, "SERVICE,neutral": 153, "SERVICE,positive": 2158}}