{"AMBIENCE,None": {"precision": 0.991869918699187, "recall": 0.9949628208203406, "f1-score": 0.9934139623997126, "support": 4169.0}, "AMBIENCE,negative": {"precision": 0.9443254817987152, "recall": 0.9382978723404255, "f1-score": 0.9413020277481323, "support": 470.0}, "AMBIENCE,neutral": {"precision": 0.8695652173913043, "recall": 0.7843137254901961, "f1-score": 0.8247422680412371, "support": 153.0}, "AMBIENCE,positive": {"precision": 0.9704491725768322, "recall": 0.976218787158145, "f1-score": 0.973325429756965, "support": 841.0}, "LOCATION,None": {"precision": 0.9909557565387436, "recall": 0.9926542605288933, "f1-score": 0.9918042813455658, "support": 4084.0}, "LOCATION,negative": {"precision": 0.9403669724770642, "recall": 0.9151785714285714, "f1-score": 0.9276018099547512, "support": 224.0}, "LOCATION,neutral": {"precision": 0.9, "recall": 0.863013698630137, "f1-score": 0.8811188811188811, "support": 219.0}, "LOCATION,positive": {"precision": 0.9694793536804309, "recall": 0.976491862567812, "f1-score": 0.972972972972973, "support": 1106.0}, "PRICES,None": {"precision": 0.9915914045468701, "recall": 0.995, "f1-score": 0.9932927780377476, "support": 3200.0}, "PRICES,negative": {"precision": 0.96875, "recall": 0.9498607242339833, "f1-score": 0.9592123769338959, "support": 359.0}, "PRICES,neutral": {"precision": 0.9575471698113207, "recall": 0.9620853080568721, "f1-score": 0.9598108747044918, "support": 633.0}, "PRICES,positive": {"precision": 0.9811715481171548, "recall": 0.9764052741151977, "f1-score": 0.9787826086956521, "support": 1441.0}, "QUALITY,None": {"precision": 0.9687034277198212, "recall": 0.9701492537313433, "f1-score": 0.9694258016405667, "support": 1340.0}, "QUALITY,negative": {"precision": 0.9494163424124513, "recall": 0.9420849420849421, "f1-score": 0.9457364341085271, "support": 518.0}, "QUALITY,neutral": {"precision": 0.9074626865671642, "recall": 0.9074626865671642, "f1-score": 0.9074626865671642, "support": 335.0}, "QUALITY,positive": {"precision": 0.9846019755955839, "recall": 0.9851744186046512, "f1-score": 0.984888113920372, "support": 3440.0}, "SERVICE,None": {"precision": 0.995287781891619, "recall": 0.9942837928715534, "f1-score": 0.9947855340622371, "support": 2974.0}, "SERVICE,negative": {"precision": 0.9410029498525073, "recall": 0.9437869822485208, "f1-score": 0.9423929098966026, "support": 338.0}, "SERVICE,neutral": {"precision": 0.85625, "recall": 0.791907514450867, "f1-score": 0.8228228228228228, "support": 173.0}, "SERVICE,positive": {"precision": 0.9838187702265372, "recall": 0.9906890130353817, "f1-score": 0.9872419392252377, "support": 2148.0}, "accuracy": 0.9806852476477899, "macro avg": {"precision": 0.9531307964951653, "recall": 0.9425010754482498, "f1-score": 0.9476068256976768, "support": 28165.0}, "weighted avg": {"precision": 0.9805204602837831, "recall": 0.9806852476477899, "f1-score": 0.9805742581111889, "support": 28165.0}, "static_polor_test": {"AMBIENCE,None": 4169, "AMBIENCE,negative": 470, "AMBIENCE,neutral": 153, "AMBIENCE,positive": 841, "LOCATION,None": 4084, "LOCATION,negative": 224, "LOCATION,neutral": 219, "LOCATION,positive": 1106, "PRICES,None": 3200, "PRICES,negative": 359, "PRICES,neutral": 633, "PRICES,positive": 1441, "QUALITY,None": 1340, "QUALITY,negative": 518, "QUALITY,neutral": 335, "QUALITY,positive": 3440, "SERVICE,None": 2974, "SERVICE,negative": 338, "SERVICE,neutral": 173, "SERVICE,positive": 2148}, "static_polar_pred": {"AMBIENCE,None": 4182, "AMBIENCE,negative": 467, "AMBIENCE,neutral": 138, "AMBIENCE,positive": 846, "LOCATION,None": 4091, "LOCATION,negative": 218, "LOCATION,neutral": 210, "LOCATION,positive": 1114, "PRICES,None": 3211, "PRICES,negative": 352, "PRICES,neutral": 636, "PRICES,positive": 1434, "QUALITY,None": 1342, "QUALITY,negative": 514, "QUALITY,neutral": 335, "QUALITY,positive": 3442, "SERVICE,None": 2971, "SERVICE,negative": 339, "SERVICE,neutral": 160, "SERVICE,positive": 2163}}