{"AMBIENCE,None": {"precision": 0.9899665551839465, "recall": 0.9940033581194531, "f1-score": 0.9919808497905446, "support": 4169.0}, "AMBIENCE,negative": {"precision": 0.9465811965811965, "recall": 0.9425531914893617, "f1-score": 0.9445628997867804, "support": 470.0}, "AMBIENCE,neutral": {"precision": 0.9044117647058824, "recall": 0.803921568627451, "f1-score": 0.8512110726643599, "support": 153.0}, "AMBIENCE,positive": {"precision": 0.9715302491103203, "recall": 0.9738406658739596, "f1-score": 0.9726840855106889, "support": 841.0}, "LOCATION,None": {"precision": 0.9929043308049914, "recall": 0.9936336924583742, "f1-score": 0.9932688777383429, "support": 4084.0}, "LOCATION,negative": {"precision": 0.963302752293578, "recall": 0.9375, "f1-score": 0.9502262443438914, "support": 224.0}, "LOCATION,neutral": {"precision": 0.9181818181818182, "recall": 0.9223744292237442, "f1-score": 0.9202733485193622, "support": 219.0}, "LOCATION,positive": {"precision": 0.9756317689530686, "recall": 0.9773960216998192, "f1-score": 0.976513098464318, "support": 1106.0}, "PRICES,None": {"precision": 0.9925023430178069, "recall": 0.9928125, "f1-score": 0.9926573972816748, "support": 3200.0}, "PRICES,negative": {"precision": 0.9464788732394366, "recall": 0.935933147632312, "f1-score": 0.9411764705882353, "support": 359.0}, "PRICES,neutral": {"precision": 0.9405320813771518, "recall": 0.9494470774091627, "f1-score": 0.9449685534591195, "support": 633.0}, "PRICES,positive": {"precision": 0.9707927677329624, "recall": 0.9687716863289383, "f1-score": 0.9697811740187565, "support": 1441.0}, "QUALITY,None": {"precision": 0.9630450849963045, "recall": 0.9723880597014926, "f1-score": 0.967694021537319, "support": 1340.0}, "QUALITY,negative": {"precision": 0.9376218323586745, "recall": 0.9285714285714286, "f1-score": 0.933074684772066, "support": 518.0}, "QUALITY,neutral": {"precision": 0.9125, "recall": 0.8716417910447761, "f1-score": 0.8916030534351145, "support": 335.0}, "QUALITY,positive": {"precision": 0.9846243109950682, "recall": 0.9866279069767442, "f1-score": 0.9856250907506897, "support": 3440.0}, "SERVICE,None": {"precision": 0.9915994623655914, "recall": 0.99226630800269, "f1-score": 0.9919327731092437, "support": 2974.0}, "SERVICE,negative": {"precision": 0.9470588235294117, "recall": 0.9526627218934911, "f1-score": 0.9498525073746312, "support": 338.0}, "SERVICE,neutral": {"precision": 0.9036144578313253, "recall": 0.8670520231213873, "f1-score": 0.8849557522123894, "support": 173.0}, "SERVICE,positive": {"precision": 0.9865178986517898, "recall": 0.9878957169459963, "f1-score": 0.987206327052803, "support": 2148.0}, "accuracy": 0.9801171666962543, "macro avg": {"precision": 0.9569699185955161, "recall": 0.9475646647560291, "f1-score": 0.9520624141205166, "support": 28165.0}, "weighted avg": {"precision": 0.9800085926292881, "recall": 0.9801171666962543, "f1-score": 0.9800340853084445, "support": 28165.0}, "static_polor_test": {"AMBIENCE,None": 4169, "AMBIENCE,negative": 470, "AMBIENCE,neutral": 153, "AMBIENCE,positive": 841, "LOCATION,None": 4084, "LOCATION,negative": 224, "LOCATION,neutral": 219, "LOCATION,positive": 1106, "PRICES,None": 3200, "PRICES,negative": 359, "PRICES,neutral": 633, "PRICES,positive": 1441, "QUALITY,None": 1340, "QUALITY,negative": 518, "QUALITY,neutral": 335, "QUALITY,positive": 3440, "SERVICE,None": 2974, "SERVICE,negative": 338, "SERVICE,neutral": 173, "SERVICE,positive": 2148}, "static_polar_pred": {"AMBIENCE,None": 4186, "AMBIENCE,negative": 468, "AMBIENCE,neutral": 136, "AMBIENCE,positive": 843, "LOCATION,None": 4087, "LOCATION,negative": 218, "LOCATION,neutral": 220, "LOCATION,positive": 1108, "PRICES,None": 3201, "PRICES,negative": 355, "PRICES,neutral": 639, "PRICES,positive": 1438, "QUALITY,None": 1353, "QUALITY,negative": 513, "QUALITY,neutral": 320, "QUALITY,positive": 3447, "SERVICE,None": 2976, "SERVICE,negative": 340, "SERVICE,neutral": 166, "SERVICE,positive": 2151}}