{"AMBIENCE,None": {"precision": 0.9956937799043062, "recall": 0.9983209402734469, "f1-score": 0.9970056294166966, "support": 4169.0}, "AMBIENCE,negative": {"precision": 0.9788135593220338, "recall": 0.9829787234042553, "f1-score": 0.9808917197452229, "support": 470.0}, "AMBIENCE,neutral": {"precision": 0.9858156028368794, "recall": 0.9084967320261438, "f1-score": 0.9455782312925171, "support": 153.0}, "AMBIENCE,positive": {"precision": 0.9892857142857143, "recall": 0.9881093935790726, "f1-score": 0.9886972040452112, "support": 841.0}, "LOCATION,None": {"precision": 0.9965770171149144, "recall": 0.9980411361410382, "f1-score": 0.9973085392708588, "support": 4084.0}, "LOCATION,negative": {"precision": 0.9776785714285714, "recall": 0.9776785714285714, "f1-score": 0.9776785714285714, "support": 224.0}, "LOCATION,neutral": {"precision": 0.9813953488372092, "recall": 0.9634703196347032, "f1-score": 0.9723502304147466, "support": 219.0}, "LOCATION,positive": {"precision": 0.9945652173913043, "recall": 0.9927667269439421, "f1-score": 0.9936651583710407, "support": 1106.0}, "PRICES,None": {"precision": 0.9959501557632399, "recall": 0.9990625, "f1-score": 0.9975039001560062, "support": 3200.0}, "PRICES,negative": {"precision": 0.9915014164305949, "recall": 0.9749303621169917, "f1-score": 0.9831460674157303, "support": 359.0}, "PRICES,neutral": {"precision": 0.988976377952756, "recall": 0.9921011058451816, "f1-score": 0.9905362776025236, "support": 633.0}, "PRICES,positive": {"precision": 0.997212543554007, "recall": 0.993060374739764, "f1-score": 0.9951321279554938, "support": 1441.0}, "QUALITY,None": {"precision": 0.9940387481371088, "recall": 0.9955223880597015, "f1-score": 0.9947800149142431, "support": 1340.0}, "QUALITY,negative": {"precision": 0.9844357976653697, "recall": 0.9768339768339769, "f1-score": 0.9806201550387597, "support": 518.0}, "QUALITY,neutral": {"precision": 0.9790419161676647, "recall": 0.9761194029850746, "f1-score": 0.9775784753363229, "support": 335.0}, "QUALITY,positive": {"precision": 0.9970955562009876, "recall": 0.9979651162790698, "f1-score": 0.9975301467383408, "support": 3440.0}, "SERVICE,None": {"precision": 0.9983198924731183, "recall": 0.9989912575655683, "f1-score": 0.998655462184874, "support": 2974.0}, "SERVICE,negative": {"precision": 0.9940298507462687, "recall": 0.985207100591716, "f1-score": 0.9895988112927192, "support": 338.0}, "SERVICE,neutral": {"precision": 0.9764705882352941, "recall": 0.9595375722543352, "f1-score": 0.967930029154519, "support": 173.0}, "SERVICE,positive": {"precision": 0.9967472118959108, "recall": 0.9986033519553073, "f1-score": 0.9976744186046511, "support": 2148.0}, "accuracy": 0.9948162613172377, "macro avg": {"precision": 0.9896822433171628, "recall": 0.982889852632893, "f1-score": 0.9861930585189524, "support": 28165.0}, "weighted avg": {"precision": 0.994805758460888, "recall": 0.9948162613172377, "f1-score": 0.9947987877646496, "support": 28165.0}, "static_polor_test": {"AMBIENCE,None": 4169, "AMBIENCE,negative": 470, "AMBIENCE,neutral": 153, "AMBIENCE,positive": 841, "LOCATION,None": 4084, "LOCATION,negative": 224, "LOCATION,neutral": 219, "LOCATION,positive": 1106, "PRICES,None": 3200, "PRICES,negative": 359, "PRICES,neutral": 633, "PRICES,positive": 1441, "QUALITY,None": 1340, "QUALITY,negative": 518, "QUALITY,neutral": 335, "QUALITY,positive": 3440, "SERVICE,None": 2974, "SERVICE,negative": 338, "SERVICE,neutral": 173, "SERVICE,positive": 2148}, "static_polar_pred": {"AMBIENCE,None": 4180, "AMBIENCE,negative": 472, "AMBIENCE,neutral": 141, "AMBIENCE,positive": 840, "LOCATION,None": 4090, "LOCATION,negative": 224, "LOCATION,neutral": 215, "LOCATION,positive": 1104, "PRICES,None": 3210, "PRICES,negative": 353, "PRICES,neutral": 635, "PRICES,positive": 1435, "QUALITY,None": 1342, "QUALITY,negative": 514, "QUALITY,neutral": 334, "QUALITY,positive": 3443, "SERVICE,None": 2976, "SERVICE,negative": 335, "SERVICE,neutral": 170, "SERVICE,positive": 2152}}