{"AMBIENCE,None": {"precision": 0.996649114408808, "recall": 0.9988006716238906, "f1-score": 0.9977237330777525, "support": 4169.0}, "AMBIENCE,negative": {"precision": 0.9829424307036247, "recall": 0.9808510638297873, "f1-score": 0.9818956336528222, "support": 470.0}, "AMBIENCE,neutral": {"precision": 0.9664429530201343, "recall": 0.9411764705882353, "f1-score": 0.9536423841059603, "support": 153.0}, "AMBIENCE,positive": {"precision": 0.995221027479092, "recall": 0.990487514863258, "f1-score": 0.9928486293206198, "support": 841.0}, "LOCATION,None": {"precision": 0.9968246213971665, "recall": 0.9992654260528894, "f1-score": 0.9980435314257765, "support": 4084.0}, "LOCATION,negative": {"precision": 0.9732142857142857, "recall": 0.9732142857142857, "f1-score": 0.9732142857142857, "support": 224.0}, "LOCATION,neutral": {"precision": 0.9813084112149533, "recall": 0.958904109589041, "f1-score": 0.9699769053117783, "support": 219.0}, "LOCATION,positive": {"precision": 0.9954586739327884, "recall": 0.9909584086799277, "f1-score": 0.9932034435885818, "support": 1106.0}, "PRICES,None": {"precision": 0.99812734082397, "recall": 0.999375, "f1-score": 0.9987507807620237, "support": 3200.0}, "PRICES,negative": {"precision": 0.9914529914529915, "recall": 0.9693593314763231, "f1-score": 0.9802816901408451, "support": 359.0}, "PRICES,neutral": {"precision": 0.9936908517350158, "recall": 0.995260663507109, "f1-score": 0.994475138121547, "support": 633.0}, "PRICES,positive": {"precision": 0.9930747922437673, "recall": 0.9951422623178349, "f1-score": 0.994107452339688, "support": 1441.0}, "QUALITY,None": {"precision": 0.9955257270693513, "recall": 0.996268656716418, "f1-score": 0.9958970533383066, "support": 1340.0}, "QUALITY,negative": {"precision": 0.9806949806949807, "recall": 0.9806949806949807, "f1-score": 0.9806949806949807, "support": 518.0}, "QUALITY,neutral": {"precision": 0.9846625766871165, "recall": 0.9582089552238806, "f1-score": 0.9712556732223904, "support": 335.0}, "QUALITY,positive": {"precision": 0.9968097447795824, "recall": 0.9991279069767441, "f1-score": 0.9979674796747967, "support": 3440.0}, "SERVICE,None": {"precision": 0.9976494291470785, "recall": 0.9989912575655683, "f1-score": 0.9983198924731183, "support": 2974.0}, "SERVICE,negative": {"precision": 0.9940476190476191, "recall": 0.9881656804733728, "f1-score": 0.9910979228486647, "support": 338.0}, "SERVICE,neutral": {"precision": 0.9940119760479041, "recall": 0.9595375722543352, "f1-score": 0.9764705882352941, "support": 173.0}, "SERVICE,positive": {"precision": 0.9962825278810409, "recall": 0.9981378026070763, "f1-score": 0.9972093023255814, "support": 2148.0}, "accuracy": 0.9953133321498313, "macro avg": {"precision": 0.9902046037740636, "recall": 0.9835964010377477, "f1-score": 0.9868538250187407, "support": 28165.0}, "weighted avg": {"precision": 0.9952994831757785, "recall": 0.9953133321498313, "f1-score": 0.9952976181819104, "support": 28165.0}, "static_polor_test": {"AMBIENCE,None": 4169, "AMBIENCE,negative": 470, "AMBIENCE,neutral": 153, "AMBIENCE,positive": 841, "LOCATION,None": 4084, "LOCATION,negative": 224, "LOCATION,neutral": 219, "LOCATION,positive": 1106, "PRICES,None": 3200, "PRICES,negative": 359, "PRICES,neutral": 633, "PRICES,positive": 1441, "QUALITY,None": 1340, "QUALITY,negative": 518, "QUALITY,neutral": 335, "QUALITY,positive": 3440, "SERVICE,None": 2974, "SERVICE,negative": 338, "SERVICE,neutral": 173, "SERVICE,positive": 2148}, "static_polar_pred": {"AMBIENCE,None": 4178, "AMBIENCE,negative": 469, "AMBIENCE,neutral": 149, "AMBIENCE,positive": 837, "LOCATION,None": 4094, "LOCATION,negative": 224, "LOCATION,neutral": 214, "LOCATION,positive": 1101, "PRICES,None": 3204, "PRICES,negative": 351, "PRICES,neutral": 634, "PRICES,positive": 1444, "QUALITY,None": 1341, "QUALITY,negative": 518, "QUALITY,neutral": 326, "QUALITY,positive": 3448, "SERVICE,None": 2978, "SERVICE,negative": 336, "SERVICE,neutral": 167, "SERVICE,positive": 2152}}