{"AMBIENCE,None": {"precision": 1.0, "recall": 0.9995032290114257, "f1-score": 0.999751552795031, "support": 2013.0}, "AMBIENCE,negative": {"precision": 0.9973614775725593, "recall": 1.0, "f1-score": 0.9986789960369881, "support": 378.0}, "AMBIENCE,neutral": {"precision": 1.0, "recall": 0.8095238095238095, "f1-score": 0.8947368421052632, "support": 21.0}, "AMBIENCE,positive": {"precision": 0.9879518072289156, "recall": 1.0, "f1-score": 0.9939393939393939, "support": 328.0}, "LOCATION,None": {"precision": 0.9993610223642172, "recall": 1.0, "f1-score": 0.9996804090763822, "support": 1564.0}, "LOCATION,negative": {"precision": 1.0, "recall": 0.993421052631579, "f1-score": 0.9966996699669967, "support": 152.0}, "LOCATION,neutral": {"precision": 1.0, "recall": 1.0, "f1-score": 1.0, "support": 51.0}, "LOCATION,positive": {"precision": 1.0, "recall": 1.0, "f1-score": 1.0, "support": 973.0}, "PRICES,None": {"precision": 1.0, "recall": 0.9994882292732856, "f1-score": 0.9997440491425647, "support": 1954.0}, "PRICES,negative": {"precision": 1.0, "recall": 1.0, "f1-score": 1.0, "support": 199.0}, "PRICES,neutral": {"precision": 1.0, "recall": 1.0, "f1-score": 1.0, "support": 24.0}, "PRICES,positive": {"precision": 0.99822695035461, "recall": 1.0, "f1-score": 0.9991126885536823, "support": 563.0}, "QUALITY,None": {"precision": 1.0, "recall": 1.0, "f1-score": 1.0, "support": 1131.0}, "QUALITY,negative": {"precision": 1.0, "recall": 1.0, "f1-score": 1.0, "support": 460.0}, "QUALITY,neutral": {"precision": 1.0, "recall": 1.0, "f1-score": 1.0, "support": 52.0}, "QUALITY,positive": {"precision": 1.0, "recall": 1.0, "f1-score": 1.0, "support": 1097.0}, "SERVICE,None": {"precision": 1.0, "recall": 1.0, "f1-score": 1.0, "support": 876.0}, "SERVICE,negative": {"precision": 1.0, "recall": 1.0, "f1-score": 1.0, "support": 228.0}, "SERVICE,neutral": {"precision": 1.0, "recall": 1.0, "f1-score": 1.0, "support": 96.0}, "SERVICE,positive": {"precision": 1.0, "recall": 1.0, "f1-score": 1.0, "support": 1540.0}, "accuracy": 0.9994890510948905, "macro avg": {"precision": 0.9991450628760152, "recall": 0.9900968160220049, "f1-score": 0.9941171800808151, "support": 13700.0}, "weighted avg": {"precision": 0.999492937468671, "recall": 0.9994890510948905, "f1-score": 0.9994745223712007, "support": 13700.0}, "static_polor_test": {"AMBIENCE,None": 2013, "AMBIENCE,negative": 378, "AMBIENCE,neutral": 21, "AMBIENCE,positive": 328, "LOCATION,None": 1564, "LOCATION,negative": 152, "LOCATION,neutral": 51, "LOCATION,positive": 973, "PRICES,None": 1954, "PRICES,negative": 199, "PRICES,neutral": 24, "PRICES,positive": 563, "QUALITY,None": 1131, "QUALITY,negative": 460, "QUALITY,neutral": 52, "QUALITY,positive": 1097, "SERVICE,None": 876, "SERVICE,negative": 228, "SERVICE,neutral": 96, "SERVICE,positive": 1540}, "static_polar_pred": {"AMBIENCE,None": 2012, "AMBIENCE,negative": 379, "AMBIENCE,neutral": 17, "AMBIENCE,positive": 332, "LOCATION,None": 1565, "LOCATION,negative": 151, "LOCATION,neutral": 51, "LOCATION,positive": 973, "PRICES,None": 1953, "PRICES,negative": 199, "PRICES,neutral": 24, "PRICES,positive": 564, "QUALITY,None": 1131, "QUALITY,negative": 460, "QUALITY,neutral": 52, "QUALITY,positive": 1097, "SERVICE,None": 876, "SERVICE,negative": 228, "SERVICE,neutral": 96, "SERVICE,positive": 1540}}