{"AMBIENCE,None": {"precision": 0.7559246128008957, "recall": 0.9716958503238187, "f1-score": 0.850335852225021, "support": 4169.0}, "AMBIENCE,negative": {"precision": 0.32727272727272727, "recall": 0.07659574468085106, "f1-score": 0.12413793103448276, "support": 470.0}, "AMBIENCE,neutral": {"precision": 0.0, "recall": 0.0, "f1-score": 0.0, "support": 153.0}, "AMBIENCE,positive": {"precision": 0.423841059602649, "recall": 0.07609988109393578, "f1-score": 0.12903225806451613, "support": 841.0}, "LOCATION,None": {"precision": 0.767160686427457, "recall": 0.9632713026444663, "f1-score": 0.8541033434650456, "support": 4084.0}, "LOCATION,negative": {"precision": 0.0, "recall": 0.0, "f1-score": 0.0, "support": 224.0}, "LOCATION,neutral": {"precision": 0.0, "recall": 0.0, "f1-score": 0.0, "support": 219.0}, "LOCATION,positive": {"precision": 0.6098562628336756, "recall": 0.26853526220614826, "f1-score": 0.3728813559322034, "support": 1106.0}, "PRICES,None": {"precision": 0.7017911142126075, "recall": 0.9428125, "f1-score": 0.8046406187491666, "support": 3200.0}, "PRICES,negative": {"precision": 0.29411764705882354, "recall": 0.013927576601671309, "f1-score": 0.026595744680851064, "support": 359.0}, "PRICES,neutral": {"precision": 0.4536082474226804, "recall": 0.13902053712480253, "f1-score": 0.21281741233373638, "support": 633.0}, "PRICES,positive": {"precision": 0.5396260017809439, "recall": 0.4205412907702984, "f1-score": 0.47269890795631825, "support": 1441.0}, "QUALITY,None": {"precision": 0.5719257540603249, "recall": 0.367910447761194, "f1-score": 0.4477747502270663, "support": 1340.0}, "QUALITY,negative": {"precision": 0.47474747474747475, "recall": 0.09073359073359073, "f1-score": 0.15235008103727715, "support": 518.0}, "QUALITY,neutral": {"precision": 0.0, "recall": 0.0, "f1-score": 0.0, "support": 335.0}, "QUALITY,positive": {"precision": 0.6788164665523156, "recall": 0.9203488372093023, "f1-score": 0.7813425468904245, "support": 3440.0}, "SERVICE,None": {"precision": 0.7154001733603005, "recall": 0.8325487558843309, "f1-score": 0.7695415695415695, "support": 2974.0}, "SERVICE,negative": {"precision": 0.35714285714285715, "recall": 0.05917159763313609, "f1-score": 0.10152284263959391, "support": 338.0}, "SERVICE,neutral": {"precision": 0.05263157894736842, "recall": 0.005780346820809248, "f1-score": 0.010416666666666666, "support": 173.0}, "SERVICE,positive": {"precision": 0.659036719122556, "recall": 0.6433891992551211, "f1-score": 0.6511189634864547, "support": 2148.0}, "accuracy": 0.6988460855671933, "macro avg": {"precision": 0.4191449691672828, "recall": 0.33961913603717375, "f1-score": 0.33806554224651975, "support": 28165.0}, "weighted avg": {"precision": 0.6357471069822488, "recall": 0.6988460855671933, "f1-score": 0.6427423111572022, "support": 28165.0}, "static_polor_test": {"AMBIENCE,None": 4169, "AMBIENCE,negative": 470, "AMBIENCE,neutral": 153, "AMBIENCE,positive": 841, "LOCATION,None": 4084, "LOCATION,negative": 224, "LOCATION,neutral": 219, "LOCATION,positive": 1106, "PRICES,None": 3200, "PRICES,negative": 359, "PRICES,neutral": 633, "PRICES,positive": 1441, "QUALITY,None": 1340, "QUALITY,negative": 518, "QUALITY,neutral": 335, "QUALITY,positive": 3440, "SERVICE,None": 2974, "SERVICE,negative": 338, "SERVICE,neutral": 173, "SERVICE,positive": 2148}, "static_polar_pred": {"AMBIENCE,None": 5359, "AMBIENCE,negative": 110, "AMBIENCE,neutral": 13, "AMBIENCE,positive": 151, "LOCATION,None": 5128, "LOCATION,negative": 9, "LOCATION,neutral": 9, "LOCATION,positive": 487, "PRICES,None": 4299, "PRICES,negative": 17, "PRICES,neutral": 194, "PRICES,positive": 1123, "QUALITY,None": 862, "QUALITY,negative": 99, "QUALITY,neutral": 8, "QUALITY,positive": 4664, "SERVICE,None": 3461, "SERVICE,negative": 56, "SERVICE,neutral": 19, "SERVICE,positive": 2097}}