{"AMBIENCE,None": {"precision": 0.9737215909090909, "recall": 0.9865675221875749, "f1-score": 0.9801024663409984, "support": 4169.0}, "AMBIENCE,negative": {"precision": 0.8642241379310345, "recall": 0.8531914893617021, "f1-score": 0.8586723768736617, "support": 470.0}, "AMBIENCE,neutral": {"precision": 0.6770833333333334, "recall": 0.42483660130718953, "f1-score": 0.5220883534136547, "support": 153.0}, "AMBIENCE,positive": {"precision": 0.8928150765606596, "recall": 0.901307966706302, "f1-score": 0.8970414201183432, "support": 841.0}, "LOCATION,None": {"precision": 0.9851545388172305, "recall": 0.9911851126346719, "f1-score": 0.9881606249237154, "support": 4084.0}, "LOCATION,negative": {"precision": 0.7882882882882883, "recall": 0.78125, "f1-score": 0.7847533632286996, "support": 224.0}, "LOCATION,neutral": {"precision": 0.7670454545454546, "recall": 0.6164383561643836, "f1-score": 0.6835443037974683, "support": 219.0}, "LOCATION,positive": {"precision": 0.9307282415630551, "recall": 0.9475587703435805, "f1-score": 0.9390681003584229, "support": 1106.0}, "PRICES,None": {"precision": 0.9789343246592317, "recall": 0.9875, "f1-score": 0.9831985065339142, "support": 3200.0}, "PRICES,negative": {"precision": 0.8245614035087719, "recall": 0.7855153203342619, "f1-score": 0.8045649072753209, "support": 359.0}, "PRICES,neutral": {"precision": 0.8615136876006442, "recall": 0.8451816745655608, "f1-score": 0.8532695374800638, "support": 633.0}, "PRICES,positive": {"precision": 0.9327323162274619, "recall": 0.9333795975017349, "f1-score": 0.9330558446063129, "support": 1441.0}, "QUALITY,None": {"precision": 0.8763716166788588, "recall": 0.8940298507462686, "f1-score": 0.8851126708533432, "support": 1340.0}, "QUALITY,negative": {"precision": 0.79, "recall": 0.7625482625482626, "f1-score": 0.7760314341846758, "support": 518.0}, "QUALITY,neutral": {"precision": 0.7283950617283951, "recall": 0.5283582089552239, "f1-score": 0.6124567474048442, "support": 335.0}, "QUALITY,positive": {"precision": 0.9418109565711041, "recall": 0.9645348837209302, "f1-score": 0.953037483843171, "support": 3440.0}, "SERVICE,None": {"precision": 0.9855994641661086, "recall": 0.9895763281775387, "f1-score": 0.9875838926174496, "support": 2974.0}, "SERVICE,negative": {"precision": 0.8169014084507042, "recall": 0.8579881656804734, "f1-score": 0.836940836940837, "support": 338.0}, "SERVICE,neutral": {"precision": 0.7345132743362832, "recall": 0.4797687861271676, "f1-score": 0.5804195804195804, "support": 173.0}, "SERVICE,positive": {"precision": 0.9683340982101881, "recall": 0.9823091247672253, "f1-score": 0.9752715507279871, "support": 2148.0}, "accuracy": 0.9436889756790343, "macro avg": {"precision": 0.865936413704295, "recall": 0.8256513010915025, "f1-score": 0.8417187000971232, "support": 28165.0}, "weighted avg": {"precision": 0.9414929426158316, "recall": 0.9436889756790343, "f1-score": 0.9419596493967555, "support": 28165.0}, "static_polor_test": {"AMBIENCE,None": 4169, "AMBIENCE,negative": 470, "AMBIENCE,neutral": 153, "AMBIENCE,positive": 841, "LOCATION,None": 4084, "LOCATION,negative": 224, "LOCATION,neutral": 219, "LOCATION,positive": 1106, "PRICES,None": 3200, "PRICES,negative": 359, "PRICES,neutral": 633, "PRICES,positive": 1441, "QUALITY,None": 1340, "QUALITY,negative": 518, "QUALITY,neutral": 335, "QUALITY,positive": 3440, "SERVICE,None": 2974, "SERVICE,negative": 338, "SERVICE,neutral": 173, "SERVICE,positive": 2148}, "static_polar_pred": {"AMBIENCE,None": 4224, "AMBIENCE,negative": 464, "AMBIENCE,neutral": 96, "AMBIENCE,positive": 849, "LOCATION,None": 4109, "LOCATION,negative": 222, "LOCATION,neutral": 176, "LOCATION,positive": 1126, "PRICES,None": 3228, "PRICES,negative": 342, "PRICES,neutral": 621, "PRICES,positive": 1442, "QUALITY,None": 1367, "QUALITY,negative": 500, "QUALITY,neutral": 243, "QUALITY,positive": 3523, "SERVICE,None": 2986, "SERVICE,negative": 355, "SERVICE,neutral": 113, "SERVICE,positive": 2179}}