{"AMBIENCE,None": {"precision": 0.99784276126558, "recall": 0.9985608059486687, "f1-score": 0.9982016544778803, "support": 4169.0}, "AMBIENCE,negative": {"precision": 0.9914712153518124, "recall": 0.9893617021276596, "f1-score": 0.9904153354632588, "support": 470.0}, "AMBIENCE,neutral": {"precision": 0.9864864864864865, "recall": 0.954248366013072, "f1-score": 0.9700996677740864, "support": 153.0}, "AMBIENCE,positive": {"precision": 0.9893364928909952, "recall": 0.9928656361474435, "f1-score": 0.9910979228486647, "support": 841.0}, "LOCATION,None": {"precision": 0.9973124847300269, "recall": 0.9995102840352595, "f1-score": 0.9984101748807631, "support": 4084.0}, "LOCATION,negative": {"precision": 0.9909502262443439, "recall": 0.9776785714285714, "f1-score": 0.9842696629213483, "support": 224.0}, "LOCATION,neutral": {"precision": 0.9817351598173516, "recall": 0.9817351598173516, "f1-score": 0.9817351598173516, "support": 219.0}, "LOCATION,positive": {"precision": 0.9981818181818182, "recall": 0.9927667269439421, "f1-score": 0.9954669084315503, "support": 1106.0}, "PRICES,None": {"precision": 0.9968827930174564, "recall": 0.999375, "f1-score": 0.99812734082397, "support": 3200.0}, "PRICES,negative": {"precision": 0.9971671388101983, "recall": 0.9805013927576601, "f1-score": 0.9887640449438202, "support": 359.0}, "PRICES,neutral": {"precision": 0.9921259842519685, "recall": 0.995260663507109, "f1-score": 0.9936908517350158, "support": 633.0}, "PRICES,positive": {"precision": 0.9965205288796103, "recall": 0.9937543372657877, "f1-score": 0.995135510771369, "support": 1441.0}, "QUALITY,None": {"precision": 0.9955190440627334, "recall": 0.994776119402985, "f1-score": 0.9951474430757745, "support": 1340.0}, "QUALITY,negative": {"precision": 0.9941972920696325, "recall": 0.9922779922779923, "f1-score": 0.9932367149758454, "support": 518.0}, "QUALITY,neutral": {"precision": 0.9969418960244648, "recall": 0.9731343283582089, "f1-score": 0.9848942598187311, "support": 335.0}, "QUALITY,positive": {"precision": 0.9965217391304347, "recall": 0.9994186046511628, "f1-score": 0.9979680696661829, "support": 3440.0}, "SERVICE,None": {"precision": 0.9976510067114094, "recall": 0.9996637525218561, "f1-score": 0.9986563654685925, "support": 2974.0}, "SERVICE,negative": {"precision": 0.9940298507462687, "recall": 0.985207100591716, "f1-score": 0.9895988112927192, "support": 338.0}, "SERVICE,neutral": {"precision": 0.9764705882352941, "recall": 0.9595375722543352, "f1-score": 0.967930029154519, "support": 173.0}, "SERVICE,positive": {"precision": 0.9976722532588455, "recall": 0.9976722532588455, "f1-score": 0.9976722532588455, "support": 2148.0}, "accuracy": 0.9963074738150186, "macro avg": {"precision": 0.9932508380083365, "recall": 0.9878653184654811, "f1-score": 0.9905259090800144, "support": 28165.0}, "weighted avg": {"precision": 0.9963033515049174, "recall": 0.9963074738150186, "f1-score": 0.9962989910448949, "support": 28165.0}, "static_polor_test": {"AMBIENCE,None": 4169, "AMBIENCE,negative": 470, "AMBIENCE,neutral": 153, "AMBIENCE,positive": 841, "LOCATION,None": 4084, "LOCATION,negative": 224, "LOCATION,neutral": 219, "LOCATION,positive": 1106, "PRICES,None": 3200, "PRICES,negative": 359, "PRICES,neutral": 633, "PRICES,positive": 1441, "QUALITY,None": 1340, "QUALITY,negative": 518, "QUALITY,neutral": 335, "QUALITY,positive": 3440, "SERVICE,None": 2974, "SERVICE,negative": 338, "SERVICE,neutral": 173, "SERVICE,positive": 2148}, "static_polar_pred": {"AMBIENCE,None": 4172, "AMBIENCE,negative": 469, "AMBIENCE,neutral": 148, "AMBIENCE,positive": 844, "LOCATION,None": 4093, "LOCATION,negative": 221, "LOCATION,neutral": 219, "LOCATION,positive": 1100, "PRICES,None": 3208, "PRICES,negative": 353, "PRICES,neutral": 635, "PRICES,positive": 1437, "QUALITY,None": 1339, "QUALITY,negative": 517, "QUALITY,neutral": 327, "QUALITY,positive": 3450, "SERVICE,None": 2980, "SERVICE,negative": 335, "SERVICE,neutral": 170, "SERVICE,positive": 2148}}