{"0": {"precision": 0.8492871690427699, "recall": 0.8390342052313883, "f1-score": 0.8441295546558705, "support": 497.0}, "1": {"precision": 0.9167750325097529, "recall": 0.9191655801825294, "f1-score": 0.91796875, "support": 767.0}, "2": {"precision": 0.9467680608365019, "recall": 0.950381679389313, "f1-score": 0.9485714285714286, "support": 524.0}, "3": {"precision": 0.9353099730458221, "recall": 0.8675, "f1-score": 0.9001297016861219, "support": 400.0}, "4": {"precision": 0.9352014010507881, "recall": 0.9035532994923858, "f1-score": 0.919104991394148, "support": 591.0}, "micro avg": {"precision": 0.9167888563049853, "recall": 0.8999640158330334, "f1-score": 0.9082985291447249, "support": 2779.0}, "macro avg": {"precision": 0.916668327297127, "recall": 0.8959269528591234, "f1-score": 0.9059808852615138, "support": 2779.0}, "weighted avg": {"precision": 0.9169473386350877, "recall": 0.8999640158330334, "f1-score": 0.9082075491449393, "support": 2779.0}, "samples avg": {"precision": 0.9230151515151515, "recall": 0.9151060606060605, "f1-score": 0.8973924963924964, "support": 2779.0}}