{
    "AMBIENCE,None": {
        "precision": 0.9771428571428571,
        "recall": 0.9606741573033708,
        "f1-score": 0.9688385269121813,
        "support": 1068.0
    },
    "AMBIENCE,negative": {
        "precision": 0.7586206896551724,
        "recall": 0.6666666666666666,
        "f1-score": 0.7096774193548387,
        "support": 33.0
    },
    "AMBIENCE,neutral": {
        "precision": 0.3023255813953488,
        "recall": 0.5652173913043478,
        "f1-score": 0.3939393939393939,
        "support": 23.0
    },
    "AMBIENCE,positive": {
        "precision": 0.7947019867549668,
        "recall": 0.8053691275167785,
        "f1-score": 0.8,
        "support": 149.0
    },
    "LOCATION,None": {
        "precision": 0.9765976597659766,
        "recall": 0.9525899912203687,
        "f1-score": 0.9644444444444444,
        "support": 1139.0
    },
    "LOCATION,negative": {
        "precision": 0.35294117647058826,
        "recall": 0.8571428571428571,
        "f1-score": 0.5,
        "support": 7.0
    },
    "LOCATION,neutral": {
        "precision": 0.6363636363636364,
        "recall": 0.6116504854368932,
        "f1-score": 0.6237623762376238,
        "support": 103.0
    },
    "LOCATION,positive": {
        "precision": 0.2826086956521739,
        "recall": 0.5416666666666666,
        "f1-score": 0.37142857142857144,
        "support": 24.0
    },
    "PRICES,None": {
        "precision": 0.98,
        "recall": 0.9702970297029703,
        "f1-score": 0.9751243781094527,
        "support": 505.0
    },
    "PRICES,negative": {
        "precision": 0.72,
        "recall": 0.72,
        "f1-score": 0.72,
        "support": 50.0
    },
    "PRICES,neutral": {
        "precision": 0.7901639344262295,
        "recall": 0.7724358974358975,
        "f1-score": 0.7811993517017828,
        "support": 312.0
    },
    "PRICES,positive": {
        "precision": 0.8421052631578947,
        "recall": 0.8669950738916257,
        "f1-score": 0.8543689320388349,
        "support": 406.0
    },
    "QUALITY,None": {
        "precision": 0.803030303030303,
        "recall": 0.5145631067961165,
        "f1-score": 0.6272189349112426,
        "support": 103.0
    },
    "QUALITY,negative": {
        "precision": 0.55,
        "recall": 0.39285714285714285,
        "f1-score": 0.4583333333333333,
        "support": 28.0
    },
    "QUALITY,neutral": {
        "precision": 0.5094339622641509,
        "recall": 0.5454545454545454,
        "f1-score": 0.526829268292683,
        "support": 99.0
    },
    "QUALITY,positive": {
        "precision": 0.9176688251618872,
        "recall": 0.9511025886864813,
        "f1-score": 0.9340866290018832,
        "support": 1043.0
    },
    "SERVICE,None": {
        "precision": 0.9893203883495145,
        "recall": 0.9751196172248804,
        "f1-score": 0.9821686746987952,
        "support": 1045.0
    },
    "SERVICE,negative": {
        "precision": 0.6451612903225806,
        "recall": 0.6896551724137931,
        "f1-score": 0.6666666666666666,
        "support": 29.0
    },
    "SERVICE,neutral": {
        "precision": 0.5,
        "recall": 0.4666666666666667,
        "f1-score": 0.4827586206896552,
        "support": 15.0
    },
    "SERVICE,positive": {
        "precision": 0.8939393939393939,
        "recall": 0.9619565217391305,
        "f1-score": 0.9267015706806283,
        "support": 184.0
    },
    "accuracy": 0.9112333071484682,
    "macro avg": {
        "precision": 0.7111062821926337,
        "recall": 0.73940403530636,
        "f1-score": 0.7133773546221005,
        "support": 6365.0
    },
    "weighted avg": {
        "precision": 0.916051124708292,
        "recall": 0.9112333071484682,
        "f1-score": 0.9124758424764795,
        "support": 6365.0
    },
    "static_polor_test": {
        "AMBIENCE,None": 1068,
        "AMBIENCE,negative": 33,
        "AMBIENCE,neutral": 23,
        "AMBIENCE,positive": 149,
        "LOCATION,None": 1139,
        "LOCATION,negative": 7,
        "LOCATION,neutral": 103,
        "LOCATION,positive": 24,
        "PRICES,None": 505,
        "PRICES,negative": 50,
        "PRICES,neutral": 312,
        "PRICES,positive": 406,
        "QUALITY,None": 103,
        "QUALITY,negative": 28,
        "QUALITY,neutral": 99,
        "QUALITY,positive": 1043,
        "SERVICE,None": 1045,
        "SERVICE,negative": 29,
        "SERVICE,neutral": 15,
        "SERVICE,positive": 184
    },
    "static_polar_pred": {
        "AMBIENCE,None": 1050,
        "AMBIENCE,negative": 29,
        "AMBIENCE,neutral": 43,
        "AMBIENCE,positive": 151,
        "LOCATION,None": 1111,
        "LOCATION,negative": 17,
        "LOCATION,neutral": 99,
        "LOCATION,positive": 46,
        "PRICES,None": 500,
        "PRICES,negative": 50,
        "PRICES,neutral": 305,
        "PRICES,positive": 418,
        "QUALITY,None": 66,
        "QUALITY,negative": 20,
        "QUALITY,neutral": 106,
        "QUALITY,positive": 1081,
        "SERVICE,None": 1030,
        "SERVICE,negative": 31,
        "SERVICE,neutral": 14,
        "SERVICE,positive": 198
    }
}